iso3,gdp_pc_pp,pop,urbanization_rate,prepare_scaleup,borrowing_ability,avg_prod_k,tau_tax,pov_rate_2.15,rho,max_increased_spending,shareable,income_elasticity,average_aid_cost_pc,dk,dw,dk_tot,dw_tot,axfin,c,dc,dc_npv_post,dc_npv_pre,diversified_share,fa,gamma_SP,help_fee,help_needed,help_received,income_share,k,macro_multiplier_Gamma,n,v_ew,dWpc_currency,dWtot_currency,risk,resilience,risk_to_assets
ALB,15492.067404029098,2777689.0,0.63799,0.3020250449045197,0.35,0.1620221696857466,0.1874846304575463,0.000212773636,0.06,0.05,0.8,1.5,0.5508190695223516,78.36230802243682,1.3956376269156068e-06,217666121.00853452,3.876647284269585,0.0077214632967449294,3718.096176966984,78.36230802243682,106.56542983375003,106.56542983375003,0.0476440011476381,0.0023825463839211415,0.08,0.5508190695223516,5.210722741756014,0.5508190695223516,0.047999999999999994,22948.07052749936,0.3299393156029671,0.04678645021092884,0.10991587293815887,183.08747732366356,508560071.7996897,0.011818143605290996,0.42800473941703443,0.005058221474175665
ARG,22461.44094261999,46234830.0,0.92347,0.2405409338903374,0.1,0.3074152642375409,0.2087420721134342,0.009588466405,0.06,0.05,0.8,1.5,0.01678509498707134,44.23006081478566,3.9491476107787366e-07,2044969342.6612768,18.2588168429261,0.006686560237280632,2695.372913114399,44.23006081478566,64.91664753673855,64.91664753673855,0.026959603612483018,0.0011091803883285691,0.06,0.01678509498707134,0.69780617858263,0.01678509498707134,0.023999999999999997,8767.856468674485,0.20992405175159784,0.023411342797233614,0.05232269780155909,90.44179866938319,4181561186.373158,0.0040265359155018535,0.489044462466652,0.0019691550923992725
ARM,16057.0064572714,2780469.0,0.63573,0.3480202401066593,0.3833333333333333,0.469678089191154,0.3695482842639164,0.005235208329,0.06,0.05,0.8,1.5,0.20094173511116054,42.548951052361964,1.0587323101298224e-06,118306039.38360983,2.9437723676143577,0.003918496967245487,2247.980904017996,42.548951052361964,90.394722865945,90.394722865945,0.06361527254892675,0.0038966948058636623,0.07,0.20094173511116054,1.506222254671493,0.20094173511116054,0.028000000000000004,4786.216252687683,0.3029027201641341,0.026163973581862704,0.06622418658530156,146.5756666887726,407549097.3824649,0.009128455361764891,0.29028659404092705,0.0026498682158213687
AUS,51090.26332782138,26005540.0,0.86488,0.5581400634529206,1.0,0.2309980310138752,0.3194040988523928,0.004970939722,0.06,0.05,0.8,1.5,0.9922798061914301,32.01447037685994,9.025116783412971e-08,832553589.9642463,2.3470303551571736,0.04343258742410413,16042.342684935915,32.01447037685994,44.64869032109465,44.64869032109465,0.10974314599032495,0.00045579188634933636,0.0628,0.9922798061914301,1.7778329691165942,0.9922798061914301,0.0628,69447.9628874945,0.45936227507790306,0.06257971010414844,0.12962506641317212,70.93457693325283,1844691977.8207839,0.0013884167415247036,0.4513239066327912,0.0006266256678192995
AUT,55867.18380720708,9041851.0,0.59256,0.5486441719749395,0.95,0.1818653202247265,0.450727152930843,0.006835775451,0.06,0.05,0.8,1.5,2.4489831233393806,88.27550148799922,1.8919297578627576e-07,798173931.4047674,1.7106546973061134,0.03367067806663484,5642.585564527915,88.27550148799924,116.90951319925652,116.90951319925654,0.04916807808773045,0.0009145511537334959,0.0505,2.4489831233393806,4.6986318339201105,2.44898312333938,0.0202,31026.176719978877,0.1374503088448315,0.019782468426887544,0.04138054146009232,170.06974356331074,1537745280.9076648,0.0030441796413115617,0.5190547103702634,0.001580095782036025
BEL,53287.15361438369,11685814.0,0.98153,0.3576976268957179,0.8666666666666667,0.1700950073738132,0.4555471055779486,0.000547254789,0.06,0.05,0.8,1.5,0.9663130030850992,48.713782246135246,1.156568096634426e-07,569260198.5648386,1.3515439655603927,0.02960536867715259,5541.863975895904,48.713782246135246,66.59604372430648,66.59604372430648,0.04978200448166883,0.0004953862628657734,0.052000000000000005,0.9663130030850992,3.1170923656877525,0.9663130030850992,0.0208,32580.991420381302,0.1432142681203677,0.020547186010703117,0.04372054886037532,96.72645587802052,1130327372.2697544,0.0018151927681855265,0.5036241822771534,0.0009141749735528383
BEN,3435.1716165758994,13352864.0,0.49534,0.543128168741935,0.3333333333333333,0.4570694328380306,0.0862783874508708,0.200821865179,0.06,0.05,0.8,1.5,0.0164550005408998,2.4300736049978386,6.902198711140147e-07,32448442.35752586,9.216412069082967,0.0051350524739877945,687.0343233151799,2.4300736049978386,5.738795465444495,5.738795465444495,0.016997107024265278,0.0005774502619973901,0.1,0.0164550005408998,0.09089015165065939,0.0164550005408998,0.04,1503.129008319926,0.5272343192398603,0.03971797785799382,0.11557288304786495,9.455434081681485,126257125.35365777,0.002752536157453014,0.25700286036637376,0.000707409665727292
BFA,2158.8585157544,22673762.0,0.31877,0.3720773165497952,0.1,0.5136741699207948,0.118263411751462,0.312038230194,0.06,0.05,0.8,1.5,0.00045246669833804256,0.3980213896535994,2.2756685384141303e-07,9024642.259914976,5.1597966830889845,0.007521228644658324,431.77170315088,0.39802138965359934,0.9670795385502039,0.9670795385502039,0.018984052718386213,0.00015689994312687199,0.1,0.00045246669833804267,0.012160555836450426,0.00045246669833804256,0.04000000000000001,840.5556059348991,0.5577718796477863,0.03991767264822866,0.12047938854618521,1.553162789322074,35216043.43234485,0.0007194370441544804,0.2562650820570638,0.00018436659315513933
BGD,6263.00463511584,171186372.0,0.3971099999999999,0.7526953367067414,0.3833333333333333,0.2770114487863902,0.0444874497808178,0.095763822443,0.06,0.05,0.8,1.5,0.2999344674700736,18.229143043848243,1.4889762498211171e-06,3120580862.345418,254.89244220104268,0.004927345273993603,2567.831900397495,18.229143043848246,31.169445125784716,31.169445125784716,0.018548959440911204,0.001917234769129708,0.082,0.2999344674700736,1.0395145327320203,0.2999344674700736,0.08200000000000002,9269.768132860125,0.7429290377972076,0.08119856449453933,0.18524193695078442,50.21531289394864,8596177233.15989,0.008017767161211732,0.3630196048433864,0.0029106066665893627
BGR,26961.2912585423,6465097.0,0.76363,0.304661373418338,0.6166666666666667,0.3470229186386416,0.2779317433954221,0.002478634814,0.06,0.05,0.8,1.5,0.3850159183976951,39.99110614039874,3.897505229072739e-07,258546380.3349735,2.519774936396248,0.013862251110939972,3235.354951025076,39.99110614039875,56.48535499954167,56.48535499954167,0.04084373424832191,0.002237080321617002,0.060000000000000005,0.3850159183976951,2.049324897793649,0.3850159183976951,0.024,9323.173707711456,0.18429285582592286,0.022904637655018375,0.041031611084446265,117.41005416271939,759067388.9372346,0.004354763762493004,0.340610575692051,0.0014832785921456242
BIH,16737.226012295796,3233526.0,0.49841,0.202715421325147,0.3,0.3638449267006413,0.1932890358513667,0.000749787577,0.06,0.05,0.8,1.5,0.10258664758935379,55.24054028834466,9.872813719561267e-07,178621723.27640992,3.1923999855358067,0.013040403769350853,2343.211641721412,55.24054028834466,86.23425100308211,86.23425100308211,0.029581618426128588,0.0030672807048394597,0.07,0.10258664758935379,1.6868745837349515,0.1025866475893538,0.028,6440.13828355321,0.2404761535427272,0.026386373599505037,0.061081100333241795,145.47096413713214,470384144.78248435,0.008691462015883857,0.37973585049089703,0.0033004597206109827
BOL,8244.235658484637,12224110.0,0.7082999999999999,0.1677651466326757,0.2333333333333333,0.4823807976371062,0.1607276599735671,0.019645011375,0.06,0.05,0.8,1.5,0.017966317325522257,17.22499993483571,1.3603537044023139e-06,210560293.95342457,16.62911332152137,0.020012676317423338,1648.8471316969276,17.22499993483571,35.57184647250117,35.57184647250117,0.03472960894582046,0.0022049294363137477,0.09999999999999998,0.017966317325522257,0.45896602702739087,0.017966317325522257,0.039999999999999994,3418.144212567414,0.48482304108200486,0.03881311973225729,0.10087283227258093,69.2845737770804,846942251.1541462,0.00840400209882107,0.2486123388772842,0.0020893386177175117
BRA,15093.465117066098,215313498.0,0.87555,0.1915498743078031,0.4333333333333333,0.2423649776461265,0.2714958920331365,0.058245602832,0.06,0.05,0.8,1.5,0.021772148111667815,25.638314736623112,4.866079766646917e-07,5520275228.767269,104.77326561037714,0.018235153170295084,3622.4316280958637,25.63831473662311,35.12009240798399,35.12009240798399,0.08477338920846918,0.0008403081141903346,0.07999999999999999,0.02177214811166782,0.26229940844804134,0.021772148111667815,0.04800000000000001,14946.184317871712,0.3814649580346481,0.04753648286545201,0.10925511437851884,61.39480326047392,13219129849.034445,0.004067641378854426,0.41759747364691213,0.0016986367635112502
CAN,49296.3792142772,38929902.0,0.8175199999999999,0.5915221740656309,0.9833333333333332,0.2209511482560882,0.2983750041664895,0.002486375387,0.06,0.05,0.8,1.5,0.6689629633308926,24.08269761591363,6.488265009490217e-08,937537058.0831513,2.525875209694832,0.04472779207094946,10352.239634998212,24.08269761591363,35.07679439384632,35.07679439384632,0.06892287127457392,0.00033205245817473426,0.07,0.6689629633308924,1.150085911345911,0.6689629633308926,0.042,46853.0700867854,0.3198010864568585,0.04184300453413756,0.0927468442950492,48.338375316825754,1881808213.9232457,0.0009805664449860044,0.49821073749516065,0.0004885287317194851
CHE,72278.20725820548,8775760.0,0.74092,0.7359445071787105,1.0,0.2289916063398242,0.3523668403886536,0.00030503981,0.06,0.05,0.8,1.5,3.915437551586491,82.94757057713977,1.237626003470529e-07,727927971.9680402,1.0861108776216528,0.03373248086776794,8673.384870984657,82.94757057713977,109.52858341177951,109.52858341177952,0.04721690322311389,0.000960643066096108,0.060000000000000005,3.915437551586491,5.320289116086438,3.915437551586491,0.024,37876.43140995015,0.16682078523873695,0.023590555698906387,0.04196445850741388,163.45372457636103,1434430657.988246,0.002261452390378771,0.5074682194738791,0.0011476152179704627
CHL,25886.1213561616,19603733.0,0.87912,0.2817451944525551,0.7333333333333333,0.2231146309942332,0.2154804741116743,0.00749503097,0.06,0.05,0.8,1.5,1.0167930865187869,182.37190576209747,1.4253604947202226e-06,3575170147.261321,27.942386567243155,0.02175491019031656,5436.085484793936,182.37190576209747,243.2323876783744,243.2323876783744,0.05471580972455005,0.0054429839711863355,0.07,1.0167930865187869,4.921241087235512,1.0167930865187869,0.042,24364.54059767349,0.304856668944887,0.03976098315970228,0.0845063044600109,403.98067922533795,7919529372.692172,0.015606072214027522,0.45143719771898183,0.007045161507700651
CIV,5537.369757684749,28160542.0,0.52661,0.4823545323829853,0.3833333333333333,0.5264144049225482,0.1072404611072749,0.115022170219,0.06,0.05,0.8,1.5,0.01856800254689251,2.264058122764586,3.4213083041598815e-07,63757103.85655329,9.634589619424311,0.005870329056486297,1107.47395153695,2.264058122764586,5.637507423976976,5.637507423976976,0.018845890747539087,0.0003881658169513588,0.1,0.018568002546892507,0.10042046723253982,0.01856800254689251,0.04,2103.806319091693,0.5499015910110667,0.03980534107151714,0.11668411604232132,9.592058271070455,270117559.80892694,0.001732240881649382,0.23603465062268866,0.0004088688712944501
CMR,3723.5323365555096,27914536.0,0.58733,0.4187279088269497,0.1666666666666666,0.4033385932793022,0.0184804218843114,0.256575177358,0.06,0.05,0.8,1.5,0.007682078221137002,3.438898476559057,9.867504072307828e-07,95995255.32425295,27.544679765658348,0.008602130894625032,744.706467311102,3.438898476559057,5.670017317473195,5.670017317473195,0.0029044387441497645,0.0009871608916796216,0.1,0.007682078221137002,0.11007737567803474,0.007682078221137002,0.04000000000000001,1846.3555923482154,0.3882507552484771,0.039498170807898095,0.09384868085755921,15.254981862319312,425835740.3750595,0.0040969113421023984,0.2254278967747143,0.0009235581071226158
COG,883.4070744272203,5970424.0,0.6873600000000001,0.4019986310383343,0.1833333333333333,0.1776060517970311,0.0785911566570752,0.353574541559,0.06,0.05,0.8,1.5,0.06760493755913696,7.236200263170949,4.868654053238073e-06,43203183.72004215,29.06792900714987,0.0014532726355902,176.6814148854441,7.236200263170949,11.29280296076546,11.29280296076546,0.008769878582769128,0.001608170332377327,0.1,0.06760493755913696,0.917302140844494,0.06760493755913696,0.010239999999999997,994.793888483914,0.18727181476567176,0.023264435415966834,0.07234823660969812,8.698080235143381,51931226.98982569,0.009846061331106054,0.8319307327074416,0.008191241017469467
COL,15616.752219973494,51874024.0,0.8205,0.301149607861197,0.55,0.3414650517486818,0.148514940624197,0.06613518166,0.06,0.05,0.8,1.5,0.251697663941032,50.032985700800936,1.5209182377728654e-06,2595412301.035005,78.89614916826731,0.0086830390006049,5934.365843589929,50.03298570080095,72.75018288287022,72.75018288287022,0.0494426326419002,0.003456607780675207,0.076,0.251697663941032,1.5196171746879683,0.251697663941032,0.076,17379.13093360318,0.6403133583739868,0.07436266020641327,0.15761530284622047,201.96393362508826,10476681940.002235,0.012932518284229462,0.247732279733067,0.0032038022372417366
CRI,22070.920974668297,5180829.0,0.82042,0.3970204526057406,0.35,0.432619322553597,0.3283491382560658,0.008868735494,0.06,0.05,0.8,1.5,0.08869508250527104,40.07116575900494,4.2540355000374965e-07,207601857.6280598,2.2039430485623765,0.0191808912362155,9711.20522885405,40.07116575900494,59.39830273246772,59.39830273246772,0.173223722503661,0.0032433459438393876,0.08800000000000001,0.08869508250527106,0.6382908481928606,0.08869508250527104,0.08800000000000002,22447.460671733945,0.6949094932698607,0.08647167386767927,0.16977630080133843,94.9144052157034,491735303.0592674,0.004300427939760219,0.42218212997214516,0.0018155638273996933
CYP,44996.31640625001,1251488.0,0.66911,0.2915047815919911,0.5833333333333334,0.1451910922152238,0.3412755021425264,0.000126419744,0.06,0.05,0.8,1.5,1.7622241100506524,146.08528426304602,4.037833028723824e-07,182823980.2317909,0.5053299581451521,0.022462048956649966,10799.115937499999,146.085284263046,178.35735401604455,178.35735401604455,0.08522790277498737,0.0017884304812407084,0.08,1.7622241100506524,10.363314113516033,1.7622241100506524,0.04800000000000001,74378.63971359859,0.2967510302931359,0.04711012112407614,0.08054831713525851,262.21749565313473,328162049.1999503,0.005827532487008484,0.5571149396388478,0.003246605409743156
CZE,41052.345731096495,10672118.0,0.7437699999999999,0.4120736329634183,0.85,0.1901309840206049,0.3931426863421576,8.1421604e-05,0.06,0.05,0.8,1.5,0.6976673285491083,31.207316896978543,9.392700911147237e-08,333048168.3879489,1.0024001246247083,0.03286393735469568,4515.758030420615,31.20731689697854,39.94412329315736,39.94412329315736,0.047674800052812695,0.0005730487569049213,0.055,0.6976673285491083,1.9918408428805745,0.6976673285491083,0.022000000000000006,23750.773992371654,0.14412099302446496,0.021711628221431977,0.03502925058879358,53.17531655995627,567493253.0152074,0.0012953051917731664,0.586875996531053,0.0007601835252337238
DEU,53969.62554886499,83797985.0,0.77648,0.4127579676709323,1.0,0.2180023453970511,0.4282410231307349,0.0,0.06,0.05,0.8,1.5,0.9003907127053471,42.496590343708085,9.304587338816835e-08,3561128640.173195,7.797056702493631,0.029711707089623896,5612.84105708196,42.49659034370808,56.0037892333262,56.0037892333262,0.04829282982656438,0.000635334581635691,0.052000000000000005,0.9003907127053471,2.181401167822339,0.9003907127053471,0.0208,25746.70032498596,0.14407058212689178,0.020485576861659634,0.035022238830458276,79.36389407562828,6650534405.291087,0.0014705288997006454,0.5354650353120499,0.000787416809205596
DNK,59935.11991557741,5903037.0,0.8836700000000001,0.6632496476481631,1.0,0.2117268243790424,0.4833176179730047,0.001649913074,0.06,0.05,0.8,1.5,0.5947383187706595,14.038075701226521,2.4781104807893036e-08,82867280.27314112,0.14628377858187047,0.040369108230101564,7192.214389869288,14.038075701226521,18.754934440724043,18.754934440724043,0.062023710946985805,0.00016774522962127473,0.060000000000000005,0.5947383187706595,0.8967035578225486,0.5947383187706595,0.024,33969.31121487696,0.16647464606550083,0.023922614033913374,0.04475762298133015,24.74593666932512,146076179.75868294,0.00041287873794498803,0.5672881123399955,0.00023422119987413195
DOM,19338.0151125748,11228821.0,0.83848,0.570633445326811,0.4166666666666666,0.2486250864217581,0.1770212695996403,0.008537285128,0.06,0.05,0.8,1.5,0.6942172145484942,68.36274442444918,7.907229158502497e-07,767633020.2108879,8.878886082680516,0.010181294691521839,7928.586196155668,68.36274442444919,93.75122646235354,93.75122646235354,0.08048152616503303,0.0031049578557442352,0.082,0.6942172145484942,2.91977508251759,0.6942172145484942,0.08199999999999999,31889.72726069129,0.6015106709256287,0.08055646782620833,0.1495410482284223,144.7013177235472,1624825195.181839,0.007482738889238598,0.4724403723472418,0.0035351479470090695
ECU,10859.217829113702,18001000.0,0.6456999999999999,0.3261916250069518,0.2,0.1806050261935844,0.1375467032858406,0.031807919477,0.06,0.05,0.8,1.5,0.19304289752939713,96.04569923976838,3.200158121903332e-06,1728918632.0150707,57.60604635238189,0.010466866354872996,2606.2122789872883,96.04569923976838,131.27295765825423,131.27295765825423,0.039678263683364245,0.005136079928748198,0.08,0.19304289752939713,2.9590412924501512,0.19304289752939713,0.048,14430.452650823667,0.347405604123287,0.04571766309978054,0.09938663810337037,246.4050423205764,4435537166.8126955,0.022690864682717877,0.3897878806993389,0.008844624055912078
EGY,12780.759867658198,110990103.0,0.42967,0.5497741205654113,0.2666666666666666,0.7411056618723808,0.1255228522983458,0.014670147196,0.06,0.05,0.8,1.5,0.04703900316623106,4.770743690185201,1.6698261176443837e-07,529505333.5602556,18.53341727894403,0.0026027995535172917,2811.767170884804,4.770743690185202,9.88064671105074,9.88064671105074,0.02399176423322376,0.0005832955949941704,0.07333333333333335,0.04703900316623106,0.320852246904516,0.04703900316623106,0.04400000000000001,3794.0165829808398,0.5303589745056869,0.04372263076402855,0.10793202692242737,16.416128096915013,1822027748.3377912,0.0012844406957724117,0.29061321049765315,0.00037327543429225993
ESP,40223.0125356769,47778340.0,0.81304,0.4123588896967531,0.7,0.166704778502992,0.3878589938720218,0.008863663023,0.06,0.05,0.8,1.5,0.2666983034452925,24.641995870413353,9.647020906246916e-08,1177353656.9752052,4.6091864484577325,0.03746168734803052,8446.83263249215,24.641995870413353,32.90563779928241,32.90563779928241,0.08839549725856946,0.0002981591003337391,0.07,0.2666983034452925,0.9239465569193909,0.2666983034452925,0.042,50669.40916957904,0.28922980100455287,0.0418476051955307,0.09218430928961709,52.951029565641676,2529912293.93728,0.0013164361947945922,0.46537330950034633,0.0006126342687176019
EST,37711.81883494661,1348840.0,0.69609,0.3661017450190345,0.8333333333333333,0.2239238114723021,0.4009427583714517,0.003486593807,0.06,0.05,0.8,1.5,0.18736412230514096,13.163962763534036,4.943201449940162e-08,17756079.53396525,0.06667587843737288,0.03705939779475694,4525.418260193592,13.163962763534036,17.19389101568499,17.193891015684994,0.05402956435190508,0.0003017023713957348,0.060000000000000005,0.18736412230514093,0.6141378723952255,0.18736412230514096,0.024000000000000004,20209.63393950338,0.16375575408155896,0.023843394312167015,0.04001599019951883,24.63995595790571,33235358.194261536,0.0006533749025934668,0.5342526904684011,0.00034906729959508913
FIN,49275.15377629658,5556106.0,0.85681,0.5261036057491036,0.95,0.1999180459504058,0.4971349933549452,0.000276208987,0.06,0.05,0.8,1.5,0.28149913333482085,8.700525278449302,2.066414780677794e-08,48341040.70274383,0.11481219561412576,0.062014777471387506,4927.515377629658,8.700525278449302,11.488584381252416,11.488584381252416,0.05322430146842986,0.00014777174911212394,0.1,0.28149913333482085,0.5632253304415851,0.28149913333482085,0.019999999999999997,24647.676772771378,0.13652701085835897,0.01992802996093892,0.03252917310256625,15.369619878205448,85395237.22301656,0.00031191419407804833,0.5660859115186636,0.00017657023087028133
FRA,45904.4112972518,67971311.0,0.81509,0.3975412615323905,0.9,0.1766812468382362,0.485938300162145,0.001148958258,0.06,0.05,0.8,1.5,0.5594241237317621,26.86360251162987,7.649974686134943e-08,1825954280.8983753,5.199788085334056,0.03479306432257914,14873.029260309584,26.86360251162987,35.22633425992665,35.22633425992665,0.16835875835368366,0.00041094831971181855,0.0648,0.559424123731762,1.5635669044917822,0.5594241237317621,0.06480000000000001,84180.01076213176,0.43687870736422024,0.06459052099763749,0.11645513828685485,51.192307794756395,3479608273.9251113,0.0011151936458407685,0.5247585754354582,0.0005852074289260765
GAB,13939.7868122861,2388992.0,0.90735,0.3202119301346264,0.175,0.2729777731386862,0.0669335238055785,0.024686419565,0.06,0.05,0.8,1.5,0.029666497455241057,16.857510518253783,4.4301919492562987e-07,40272457.76802415,1.0583693125237703,0.00789636151872899,1951.5701537200534,16.857510518253783,29.25415135087674,29.25415135087674,0.009704489017700869,0.0006393341686660723,0.07,0.029666497455241057,0.5294082657385849,0.029666497455241057,0.027999999999999997,7149.190687875381,0.26347971179882307,0.02766201191661351,0.07263406999755037,49.61285791831515,118524720.66399154,0.0035590829749697394,0.33978108146901653,0.0012093090622731827
GBR,47587.16734595519,66971395.0,0.84398,0.4841425248371019,0.8666666666666667,0.2116697162815504,0.3735471625279505,0.004993337475,0.06,0.05,0.8,1.5,0.6030561338610746,30.6122798079744,1.0257693826851072e-07,2050147082.8703778,6.869720650671048,0.038294144346458794,14942.370546629933,30.6122798079744,45.20164997794931,45.201649977949316,0.1281461131349927,0.0003612662365160579,0.0628,0.6030561338610746,1.4372503238443215,0.6030561338610746,0.0628,70592.85952249532,0.4781399422439644,0.06262299850274909,0.14383237461848322,72.40837946126508,4849290182.210271,0.0015215946546021854,0.42277261327676113,0.0006432885484741167
GEO,17078.3409616702,3712502.0,0.60297,0.2932015756767206,0.45,0.2604396764340878,0.3799882950747853,0.054850259814,0.06,0.05,0.8,1.5,0.08126237300304658,139.18066289334013,1.9055110838912748e-06,516708489.3528511,7.074213709968525,0.0046718995943997674,2049.4009154004248,139.18066289334016,207.58613518715362,207.58613518715362,0.058683539505857384,0.004365514949539312,0.060000000000000005,0.08126237300304658,0.615900684370773,0.08126237300304658,0.024,7869.004229542143,0.20005800644084054,0.02204823227137129,0.05509998328408451,289.38320712740165,1074335735.226893,0.01694445659428391,0.48095625269667264,0.008149542347568213
GHA,5480.32998341512,33475870.0,0.5861500000000001,0.3951481161099933,0.1166666666666666,0.4015998812071467,0.0456888604329873,0.252085535489,0.06,0.05,0.8,1.5,0.001599138970341215,1.9120325205237647,2.2949574859504823e-07,64006952.092825875,7.682569845520517,0.021012275475803217,1096.065996683024,1.9120325205237647,3.517678691411774,3.517678691411774,0.006733033471826842,0.0003039039123547095,0.1,0.0015991389703412149,0.03468801925466378,0.0015991389703412153,0.04000000000000001,2729.2488070176228,0.4520869093303156,0.03984227539249047,0.09564488115137296,6.3350105293029255,212069988.92757592,0.0011559542123328864,0.3018199435785556,0.0003488900351457055
GRC,31704.42560993319,10426919.0,0.80357,0.290034990308985,0.5,0.1247032487295633,0.3886248614296125,0.008064955208,0.06,0.05,0.8,1.5,2.0515707665535965,400.22989602021954,1.6371813733377119e-06,4173164707.181251,17.070757568101083,0.021162944062921584,7609.062146383965,400.22989602021954,476.43441635763156,476.43441635763156,0.09899536875451273,0.005077870774769131,0.08,2.051570766553596,14.147056976594321,2.0515707665535965,0.047999999999999994,61017.352987212835,0.2895055407539518,0.045831058722738974,0.07984365234623135,629.1134319881942,6559714797.152909,0.019843079314172753,0.6361808152074714,0.012623786374316935
HND,5709.12420809714,10432860.0,0.596,0.1875422662846199,0.375,0.242592640152496,0.1212040757298387,0.127429917407,0.06,0.05,0.8,1.5,0.08649504886406811,56.14611090239273,6.088190665088071e-06,585764514.5891371,63.51724086217074,0.010520156863247103,2854.56210404857,56.14611090239273,81.25354035330605,81.25354035330605,0.06385273833737586,0.006681654825931905,0.10000000000000002,0.0864950488640681,1.2298745675146538,0.08649504886406811,0.1,11766.89491591404,0.7943057054102493,0.09677125766632191,0.22673525379776965,178.69377744167863,1864287162.9201913,0.031299682916031274,0.3142029437522942,0.009834452510730417
HRV,34302.348815210695,3855600.0,0.58219,0.2707662669702247,0.6,0.2034149049016802,0.3163605431380921,0.003139338613,0.06,0.05,0.8,1.5,0.7902723908828713,88.74476539956049,4.4658570366881675e-07,342164317.4745455,1.72185583906549,0.01714765109185135,6997.6791583029835,88.74476539956052,124.30485525767725,124.30485525767725,0.06699615749321222,0.0015036266127276428,0.068,0.7902723908828713,4.864419287563217,0.7902723908828713,0.0408,34401.01482084257,0.29666881384540544,0.04005145231122245,0.09430694929274525,193.11024566796675,744555863.1974126,0.0056296508063709,0.45955492984120583,0.0025871337813522664
HUN,35356.7758131528,9643048.0,0.72552,0.4231054207356321,0.5833333333333334,0.2093766840969745,0.4838333264714051,0.003514764117,0.06,0.05,0.8,1.5,0.2798751525489911,34.410720450946286,1.5485830674607156e-07,331824229.02305675,1.493306085151092,0.016579807436476458,3677.1046845678916,34.410720450946286,48.37157958529342,48.37157958529342,0.058707424769472924,0.0007536046628845961,0.05200000000000001,0.2798751525489911,1.1339631975503661,0.2798751525489911,0.0208,17562.149770529417,0.1509878958132715,0.020428995454483626,0.04034141598586293,70.05723883042027,675565316.7892066,0.001981437425195281,0.4911800839630644,0.0009732426008749762
IDN,12409.758854952,275501339.0,0.57934,0.7357167801309417,0.6,0.1761408179006248,0.1919285154093539,0.024729117009,0.06,0.05,0.8,1.5,0.8668735183490248,31.46292515852852,6.979396543445679e-07,8668078010.031393,192.2833093131256,0.0134388155602653,4268.957046103488,31.462925158528517,41.606384852901925,41.606384852901925,0.06808496798239161,0.001335703730588648,0.0688,0.8668735183490248,1.9637844837401064,0.8668735183490247,0.0688,24236.046459781686,0.47697226819943317,0.06823006306953491,0.13587454734418608,65.65515962889376,18088084390.018974,0.005290607206496576,0.4792148147437022,0.0025353373523429525
IND,7112.03939594585,1417173173.0,0.35872,0.6809974519420736,0.55,0.2680875156035308,0.1245299468618913,0.118991602614,0.06,0.05,0.8,1.5,0.16635091144276384,7.185474919615644,4.803823922805668e-07,10183062291.343624,680.7850391215816,0.00815765727133339,2275.852606702672,7.185474919615643,10.823530368401016,10.823530368401016,0.041780974528588324,0.0007239506835290423,0.064,0.16635091144276384,0.4441370547872978,0.16635091144276384,0.064,8489.215178779097,0.5077056403481867,0.06367289058922639,0.1407927698785032,19.604458002538244,27782911952.402367,0.0027565170707172376,0.3665224980300562,0.0010103255226217751
IRL,112445.420953915,5127170.0,0.6418300000000001,0.5127947441090477,0.85,0.274919206221943,0.3103577741141003,0.00144305587,0.06,0.05,0.8,1.5,0.6271052518691069,23.986235286295432,2.3289577973401382e-08,122981505.97283533,0.11940962549788436,0.04314653022678185,22938.86587459866,23.986235286295432,38.00699063011973,38.00699063011973,0.06928158169207174,0.00015653554074023733,0.068,0.6271052518691069,1.4387255193766197,0.6271052518691069,0.0408,83438.57160739817,0.33584061395610176,0.04072286523063444,0.0919108908940803,59.76463514679577,306423444.3855969,0.0005314990565181832,0.40134496307690476,0.00021331446921369994
IRQ,9199.020693691233,44496122.0,0.71354,0.3223656376369891,0.2333333333333333,0.4073304239369676,0.1168154716331102,0.000887524669,0.06,0.05,0.8,1.5,0.07105641168118314,15.431840639599068,7.604511968118368e-07,686657063.7841582,33.83712922838549,0.0012733063037354284,1287.862897116772,15.431840639599066,26.370104975474362,26.370104975474362,0.016487332998625235,0.001934355510964243,0.07,0.07105641168118314,0.9446648249047117,0.07105641168118314,0.028000000000000004,3161.715456138044,0.2629400504503898,0.027016678057666135,0.05675982807686909,45.651395982341185,2031310085.1005633,0.0049626365134333595,0.3380365552363041,0.0016775525518909155
ISL,55567.43625384569,382003.0,0.93992,0.6291541148918254,0.7666666666666667,0.2088920584384275,0.3528644334268179,0.0,0.06,0.05,0.8,1.5,3.5146065653828225,153.37864605132074,2.5350048829145897e-07,58591102.92754267,0.09683794702880219,0.07576467478051169,5556.743625384571,153.37864605132074,189.47443229841033,189.47443229841033,0.03750052335080504,0.0022767999857546835,0.1,3.514606565382822,7.286401415170324,3.5146065653828225,0.019999999999999997,26601.028621786794,0.12504180812042115,0.019048406350598516,0.027356008217643137,225.84860625275041,86274845.13436942,0.004064405728942011,0.6791215079701333,0.0027602253476415473
ISR,44393.30029743679,9557500.0,0.92763,0.3037350504261213,0.8166666666666668,0.2848230351273969,0.2731303415229039,0.004967662373,0.06,0.05,0.8,1.5,0.24798770996168581,54.74587208067226,1.4214042094963496e-07,523233672.41102517,1.3585070732261364,0.04035235868485268,9056.233260677107,54.745872080672264,68.56689467021454,68.56689467021454,0.06520410999471482,0.0012151865881591263,0.068,0.24798770996168581,0.9997477075340304,0.24798770996168581,0.040799999999999996,31796.000125574094,0.263504028224586,0.04019698193441206,0.060625057921248574,90.4796532612101,864759286.0440155,0.002038137571547801,0.6050627970757552,0.0012332012198658995
ITA,44292.1911843563,58940425.0,0.7165699999999999,0.4579337381470588,0.5666666666666667,0.1434501066431165,0.4325834416989306,0.008277917637,0.06,0.05,0.8,1.5,2.501650162079959,179.85468193062607,5.924320772903022e-07,10600711391.23092,34.91819841912326,0.034207570073159325,9301.360148714823,179.85468193062607,230.4501788834646,230.4501788834646,0.09690954567931266,0.0020065941173625715,0.06999999999999999,2.501650162079959,9.640426963243277,2.501650162079959,0.04200000000000001,64840.385039624176,0.2751802839428664,0.04109812826334945,0.0902949169232911,375.7854764122442,22148955688.565147,0.008484237658239158,0.47860998686740597,0.004060640874189794
JAM,10107.864790295696,2827377.0,0.57008,0.3152469866175836,0.3666666666666666,0.1738121106995912,0.2214553022657461,0.01177245927,0.06,0.05,0.8,1.5,0.34558518882210437,86.55707001040577,2.8718343331448707e-06,244729468.934811,8.119758341344145,0.02399163204091214,4043.1459161182797,86.55707001040575,121.91764893864942,121.91764893864942,0.09549932748858378,0.004130952039062656,0.1,0.34558518882210437,2.989735351752133,0.34558518882210437,0.07999999999999999,23261.589194473705,0.5840359992918842,0.07788601483006104,0.1836908380318906,198.56593279528727,561420751.368941,0.019644696176182072,0.4359109782423871,0.008563338727434009
JOR,9490.666715875366,11285869.0,0.91827,0.6744748678681611,0.3666666666666666,0.3098295810740082,0.2103589662609795,0.000408548828,0.06,0.05,0.8,1.5,0.13090627474244046,10.741222348854048,3.604876203327446e-07,121224028.3290391,4.068416059197092,0.0027917155291352002,1328.6933402225513,10.741222348854048,14.856909071635192,14.856909071635192,0.028952286951638956,0.0008921790746083864,0.07,0.13090627474244046,0.5293260430331028,0.13090627474244046,0.028000000000000004,4288.465083342606,0.21161436278724707,0.027609036433410075,0.06003883978987816,22.677635320606583,255936821.4581389,0.0023894670416223676,0.47364825287113493,0.0011317668895575938
JPN,41837.9099975665,125124989.0,0.91955,0.3781105945557289,0.7833333333333333,0.2106785735429563,0.3925686059844151,0.007278878874,0.06,0.05,0.8,1.5,1.3209372867719051,114.86934073235363,4.0721887079768443e-07,14373024995.573,50.953256729152685,0.03930924659526089,12886.076279250483,114.86934073235363,159.14844208614363,159.14844208614363,0.13214473006519578,0.0026692440132329823,0.0616,1.3209372867719051,4.459813989778969,1.3209372867719051,0.061599999999999995,61164.62658042002,0.4452545890215364,0.060352406371466064,0.10600913256928293,237.097705854258,29666847836.93927,0.005667054254575546,0.4844810299554853,0.0027455802820703754
KAZ,26093.294584983396,19621972.0,0.5799,0.3749545246750046,0.5833333333333334,0.4992063423501769,0.2610296830380486,0.000151407911,0.06,0.05,0.8,1.5,0.5772065213629687,43.62273531490226,4.941765392643785e-07,855964090.9124234,9.696718216502534,0.013373481509262672,3653.061241897676,43.62273531490226,85.47590416635407,85.47590416635407,0.03606352499023355,0.0020677893765946244,0.07,0.5772065213629687,2.638978405775327,0.5772065213629687,0.028,7317.738041347184,0.2930919744094218,0.026958543003845856,0.06340242635352772,141.71112881797492,2780651801.754697,0.005430940441669225,0.3078285783111274,0.001671798675051444
KEN,4881.531729286371,54027487.0,0.29002,0.4716859180194225,0.3,0.442077796979773,0.0824785612014143,0.361460557542,0.06,0.05,0.8,1.5,0.022263082314837927,4.173608347154537,6.163041607429646e-07,225489570.7189832,33.29736503258643,0.02143527968168056,1464.4595187859113,4.173608347154537,8.365889958952897,8.365889958952897,0.024044781681234136,0.0007151766611378805,0.10000000000000002,0.022263082314837923,0.15732984926579333,0.022263082314837927,0.06000000000000001,3312.6737619281894,0.7116843258707307,0.059643543893810436,0.16389588770859725,14.301989945220289,772700575.8395199,0.0029298160369247645,0.29182011476307557,0.000854979252130084
KGZ,5070.150235926509,6974900.0,0.37461,0.2784290950400829,0.25,0.485430091589271,0.2890595315774666,0.013309736024,0.06,0.05,0.8,1.5,0.04990692554164653,24.803208215212734,2.4666864161802667e-06,172999896.9802873,17.20489108421574,0.0062786592382820475,1014.0300471853018,24.803208215212734,42.59438569379501,42.59438569379501,0.06109218407789141,0.005439620177788915,0.1,0.04990692554164654,0.7169785978647367,0.04990692554164653,0.04000000000000001,2088.931165897491,0.40720817435658585,0.037391640901524484,0.08906640268657891,60.59216769253471,422624310.4386603,0.01195076375906684,0.4093467713694064,0.004892006560172521
KOR,45560.125038927494,51628117.0,0.81427,0.5170604505068659,0.8833333333333333,0.202797209207779,0.2925228235422407,0.002266651427,0.06,0.05,0.8,1.5,2.4040296762042646,83.57843936757916,2.4166080021600436e-07,4314997446.346783,12.476492067865498,0.03731289990397468,14305.879262223232,83.57843936757916,107.88360864653382,107.8836086465338,0.09716767472915855,0.0014567943743597877,0.0628,2.4040296762042646,5.263491003802981,2.4040296762042646,0.06280000000000002,70542.78171829239,0.4215500914401388,0.06209068293783877,0.0990672978607515,159.93291547433552,8257035272.260104,0.0035103704245255164,0.5225843543194274,0.0018344646617226813
LAO,7947.658797321378,7529475.0,0.37592,0.7234078413066878,0.125,0.2864886795282072,0.1068341153144347,0.071383628289,0.06,0.05,0.8,1.5,0.4419488978892658,93.99895728626446,6.086644293914081e-06,707762798.9129959,45.82923604491873,0.017034718902007497,2384.297639196414,93.99895728626447,158.28717740051894,158.2871774005189,0.0306953304681141,0.009338924519321489,0.10000000000000002,0.4419488978892658,4.887410643390051,0.4419488978892658,0.05999999999999999,8322.484654971016,0.5495348561529207,0.05616749482162771,0.12978938284119096,293.4411922497266,2209458121.01451,0.036921714901579056,0.32033320395682124,0.01182725123000313
LBN,12986.912832522998,5489739.0,0.89262,0.1796911612144453,0.0,0.1778802634087515,0.1444784535674002,0.0,0.06,0.05,0.8,1.5,0.0,56.72929633745708,9.95791183907237e-07,311429030.5462953,5.466633698151731,0.0020639399889808576,3116.8590798055197,56.72929633745708,72.72592763886776,72.72592763886776,0.0399598874161808,0.001938874103958328,0.08,0.0,2.3206927833460815,0.0,0.048,17522.23107879754,0.3250277573743538,0.047021375687180574,0.10380412812871043,100.27154398621482,550464605.611339,0.007720968430242003,0.5657566851195204,0.0043681895050061825
LKA,12200.1373948947,22181000.0,0.1902599999999999,0.4110631209737693,0.0666666666666666,0.3473223975424335,0.1550440431934355,0.009586125507,0.06,0.05,0.8,1.5,0.03367406763582831,32.809288148175966,1.0360390423740526e-06,727742820.4146911,22.98038199889886,0.033911242945162165,6100.06869744735,32.809288148175966,60.370273176637056,60.370273176637056,0.07587137698654353,0.0018072106333333737,0.1,0.03367406763582831,1.228791854012263,0.03367406763582831,0.10000000000000002,17563.130798963473,1.0617946216793952,0.09908146320178061,0.2663918864623452,94.98992355816507,2106971494.4436595,0.007785971623394569,0.34539756343825134,0.0026892556277198503
LTU,39955.24616298381,2831639.0,0.68465,0.3000856069005659,0.7666666666666667,0.2598650358328045,0.3202631346971138,0.001894733336,0.06,0.05,0.8,1.5,0.16256994585730744,34.66936050976528,1.2760965332439446e-07,98171113.32451124,0.36134447112983503,0.028087704345258063,4794.629539558056,34.66936050976528,46.14890885640932,46.14890885640932,0.05185909814936484,0.0008268211503053217,0.060000000000000005,0.16256994585730744,0.7066242118580371,0.16256994585730744,0.024000000000000004,18450.460348359025,0.17078199152601914,0.02356571198856815,0.03988489681293,69.32482354169132,196302874.00877127,0.0017350618554295555,0.5001002344984758,0.0008677048407696813
LVA,32992.3823633129,1879383.0,0.6854,0.245306406115846,0.7333333333333333,0.1343388801775949,0.31847428831795,0.004550118181,0.06,0.05,0.8,1.5,0.35623059659662476,57.83239614400413,2.448843747367113e-07,108689222.16230692,0.46023153084580465,0.023572042057693726,3629.162059964419,57.83239614400413,70.29899659494504,70.29899659494507,0.04405308500582378,0.0008324031818255134,0.055,0.35623059659662476,1.9802540139519604,0.35623059659662476,0.022,27014.979246266572,0.13637287042426183,0.021566908649592896,0.0357323887195169,99.85162325152648,187659443.26132357,0.0030265053960625826,0.5791833348399773,0.001752901488202713
MAR,8083.365234374999,37457971.0,0.6459600000000001,0.5305935000867539,0.5,0.2008016416164941,0.1044922050711329,0.014431101154,0.06,0.05,0.8,1.5,0.21552667661429353,17.613114243576234,9.769973874467852e-07,659751522.5555656,36.59633980605744,0.005876048253967145,1940.0076562499999,17.613114243576234,25.345292080151033,25.345292080151033,0.030032218001607665,0.001138070051813821,0.08,0.21552667661429353,0.8123984804904476,0.21552667661429353,0.048,9661.313725488213,0.3643122564744148,0.04746100942847861,0.11223153374467845,48.31188657751622,1809665246.3758917,0.0059767046492056304,0.3645710298503054,0.002178933369072005
MDA,13308.417334626298,2538894.0,0.43173,0.3320593189323536,0.25,0.4075954431814228,0.4814199819642096,0.0,0.06,0.05,0.8,1.5,0.23644705517514325,58.54590114844241,1.2679172725466189e-06,148641837.15037355,3.219107555764975,0.008036410263296438,2661.68346692526,58.54590114844241,94.44932168210397,94.44932168210397,0.10392060726142768,0.004693091447958923,0.1,0.23644705517514328,2.8482507997110207,0.23644705517514325,0.04,6530.209087103387,0.3506660517616393,0.03762680737448262,0.08385334916114343,132.4563153833813,336292544.3889745,0.009952822492179585,0.44200158353331254,0.004399163302169347
MEX,20254.7811446095,127504125.0,0.813,0.3846035535333056,0.5833333333333334,0.2308702182062391,0.1708752309475034,0.031000052181,0.06,0.05,0.8,1.5,0.2573511292068186,31.6114841132589,4.287483503145194e-07,4030594621.812477,54.66718325204627,0.009841937825094014,8507.00808073599,31.6114841132589,43.278887930529535,43.278887930529535,0.07281078369512763,0.0010739576529255434,0.084,0.2573511292068186,1.1470860326212293,0.2573511292068186,0.08400000000000002,36847.57673307424,0.6212657501116947,0.0834453671264906,0.1780414515499637,84.09890726098364,10722957583.767866,0.0041520521332991675,0.3758845999646484,0.0015606924551575226
MKD,17128.760501541896,2057679.0,0.59118,0.2933621696410361,0.3,0.2633828630982844,0.3321219284548848,0.026633504383,0.06,0.05,0.8,1.5,0.1728997076988936,58.04962160480497,8.095391721864551e-07,119447487.33415347,1.6657717542854524,0.010386460105319083,2398.0264702158656,58.049621604804955,77.06854431059101,77.06854431059101,0.05163467528720769,0.003071946365921682,0.06999999999999999,0.17289970769889357,1.9645762768305262,0.17289970769889357,0.027999999999999997,9104.717148286956,0.20089334828776045,0.02652058028907252,0.04916851478505754,123.48316051484298,254088706.24502158,0.007209112445919673,0.47010152123396015,0.0033890147275735137
MLI,2132.6233149007703,22593590.0,0.45437,0.5473308964297163,0.15,0.6798061699455986,0.0898229066596221,0.152188068547,0.06,0.05,0.8,1.5,0.004219990994783032,1.5817355517744973,8.902923508472055e-07,35737084.54521677,20.114900355177912,0.0111963696525571,426.52466298015406,1.5817355517744973,4.555004846685863,4.555004846685863,0.01930810478585914,0.0008608977225207729,0.1,0.004219990994783031,0.05140084998319875,0.004219990994783031,0.04000000000000001,627.4209941552703,0.6061532810732,0.03958154445293229,0.12220082167150005,5.96592661408228,134791699.88866326,0.00279745915389651,0.2651282280343321,0.0007416853884710037
MLT,48641.85007704802,531113.0,0.94875,0.575217762675083,0.75,0.2877562463415385,0.2768992180748145,0.002556744991,0.06,0.05,0.8,1.5,0.9609780083244901,27.069393379720054,1.1082607148490427e-07,14376906.726083256,0.058861167304561965,0.04559684032933716,4864.185007704801,27.069393379720054,42.909771172056956,42.90977117205696,0.03046738656556408,0.000585745559282826,0.10000000000000002,0.9609780083244901,2.2275112040013205,0.9609780083244901,0.020000000000000004,16903.838125312104,0.1596759278886314,0.019727803752579407,0.039722900726971974,80.89404444770678,42963878.62875489,0.001663054433981679,0.33462776604300976,0.0005565041900512113
MNG,12073.245456961598,3398366.0,0.6893,0.231142933997308,0.2833333333333333,0.2291432522177423,0.2832453447452147,0.007115855819,0.06,0.05,0.8,1.5,0.051978266152670524,28.77797712721739,6.410122405840967e-07,97798099.01791325,2.1783942039848143,0.0280179791548737,2414.64909139232,28.77797712721739,41.703394473072116,41.703394473072116,0.0615110756061536,0.0011840949438030757,0.1,0.051978266152670524,0.7936764533342191,0.051978266152670524,0.04000000000000001,10537.727242772176,0.3149390452081663,0.03935227927036922,0.08641836866430087,57.85875313827968,196625219.46752298,0.0047923115076665265,0.49738329235058676,0.002383615675652781
MOZ,1250.77241374562,32969518.0,0.38187,0.6273817337649783,0.1666666666666666,0.3294826964673195,0.075769692305093,0.743807658951,0.06,0.05,0.8,1.5,0.00448990147152639,1.5732680092965647,1.967866395262563e-06,51869887.95132726,64.87960654020418,0.009568713299570177,550.3398620480729,1.5732680092965647,2.749766704674947,2.749766704674947,0.03300346985915319,0.0008286893446954961,0.08800000000000001,0.00448990147152639,0.04293942169385831,0.00448990147152639,0.08800000000000002,1670.3149147095182,0.8955391253452514,0.08761332550538019,0.23804517895280802,5.922911682056398,195275543.3139687,0.004735403193231114,0.2656240872310856,0.0012578371508731828
MUS,22841.35054640709,1262523.0,0.4081,0.415116760686699,0.55,0.3215392198399729,0.2781536837326313,0.001253137091,0.06,0.05,0.8,1.5,0.7238417644221318,69.414350242466,8.302280729931922e-07,87637213.7111689,1.048182037399584,0.028861937134092453,6852.40516392213,69.414350242466,119.10852070072359,119.1085207007236,0.08746684779927498,0.0027939961418164544,0.09999999999999999,0.7238417644221318,3.1703753255731546,0.7238417644221318,0.06,21311.25766658421,0.5757266362406107,0.05858473802318806,0.12133424098081433,194.9942550281442,246184731.8408977,0.008536896915616774,0.35598151459614635,0.0030389774939724294
MYS,28383.618646256495,33938221.0,0.78214,0.6411439214626078,0.6833333333333332,0.2494921269867408,0.153223996228461,0.000110286496,0.06,0.05,0.8,1.5,0.8536887813095576,33.511069052787064,2.435540352615037e-07,1137306067.4597483,8.265790674146707,0.030947239960437377,9366.594153264643,33.51106905278707,43.530107931051326,43.53010793105133,0.05763982509319267,0.0009896976049080432,0.066,0.8536887813095576,1.948549481253755,0.8536887813095576,0.066,37542.64419639353,0.45531564647405426,0.06554747048877613,0.11488805376800504,79.25360277805554,2689726286.127863,0.002792230397603241,0.42283338394889874,0.0011806482277835573
NAM,9762.776892385067,2567012.0,0.53956,0.5154826628259408,0.4,0.312294397553134,0.1210603560359769,0.156170136674,0.06,0.05,0.8,1.5,0.025597242338513328,5.564351411671865,4.583951933463977e-07,14283756.845978614,1.176705962062523,0.023584884594533326,1366.78876493391,5.564351411671865,8.918307747568836,8.918307747568836,0.02356643631151022,0.0005272175405089466,0.07,0.025597242338513328,0.12414211080439652,0.025597242338513328,0.027999999999999997,4376.60353705629,0.26390746305150126,0.02774058699694661,0.0715282083064477,30.084937655833038,77228395.98177528,0.0030815963518841844,0.1849547263593221,0.0005699558100126246
NGA,4963.160312959289,218541212.0,0.53521,0.257955834522665,0.25,0.3321177343594327,0.0820973080852575,0.308632983511,0.06,0.05,0.8,1.5,0.009079464146804444,4.529689776374694,5.678578190577617e-07,989923893.7129345,124.10033602055994,0.01768606489269007,992.6320625918579,4.529689776374694,8.652585697135605,8.652585697135605,0.013375817729560669,0.0005835877485036128,0.1,0.009079464146804444,0.14079098716422614,0.009079464146804444,0.039999999999999994,2988.7957188024975,0.42259360598558743,0.03968194131796223,0.10520828507038842,13.509795363486308,2952447052.6082783,0.0027220147066801237,0.3352892959886975,0.0009126623946736596
NIC,5822.353524705861,6948392.0,0.59556,0.5678977746681311,0.2666666666666666,0.2651014158493167,0.1522560130393254,0.039410286567,0.06,0.05,0.8,1.5,0.11216294709199116,24.487903855019372,2.1500836143713723e-06,170151555.24298576,14.939623785429129,0.006095114247741603,2911.17676235293,24.487903855019372,36.32683584104627,36.32683584104627,0.10519589231631962,0.0030498719425115298,0.1,0.11216294709199115,0.7406457118814461,0.11216294709199115,0.1,10981.370103310344,0.7960357773109138,0.09858430112875456,0.22356986498887818,64.99389713392839,451603074.89421093,0.01116282219177198,0.37677235763473077,0.004205842835051221
NLD,59249.167003969895,17700982.0,0.92886,0.5696918366747684,1.0,0.2157709406280088,0.4007006514109203,0.0002796322,0.06,0.05,0.8,1.5,1.2170150911286923,31.353527369442556,7.182297208665666e-08,554988223.60301,1.271337136092412,0.0329512749382617,11885.38290099636,31.353527369442556,47.21629161741207,47.21629161741207,0.0855358968381213,0.000337307157520567,0.05015,1.2170150911286923,2.1362691419843434,1.2170150911286923,0.04012,55083.33451392269,0.3033380135039876,0.03995993062962121,0.08729848228036549,70.54785394244459,1248766292.7738407,0.0011906978192236465,0.44442921530996343,0.0005291808974688499
NOR,67296.15923936607,5457127.0,0.83664,0.6270565137565137,1.0,0.2377352471442723,0.44834877741481,0.001565339637,0.06,0.05,0.8,1.5,0.5725787695183726,14.002462524791447,2.244620038340276e-08,76413216.31052758,0.12249176615967755,0.0809129155757488,6729.615923936607,14.002462524791445,19.433482753398533,19.433482753398533,0.0486472870518899,0.00018809595161616444,0.1,0.5725787695183726,0.9131214762258337,0.5725787695183726,0.019999999999999997,28307.186270333157,0.14535905874703678,0.019912114875474837,0.03447031351831795,26.6724801273288,145555111.45980942,0.00039634476066393795,0.5249778969914549,0.00020807223893693568
NPL,4001.69995474296,30547580.0,0.21451,0.487227807381724,1.0,0.3106478259785661,0.3053614946613031,0.082404990953,0.06,0.05,0.8,1.5,0.23132409802582976,22.95139402881171,3.158145943481904e-06,701109545.2066481,96.47371586018893,0.016088074101878656,800.339990948592,22.951394028811713,41.72067232208738,41.72067232208738,0.055120218093148945,0.0035093894552952944,0.09999999999999999,0.23132409802582976,0.4747760585934627,0.23132409802582976,0.04000000000000001,2576.357933384711,0.4014049922608129,0.03830753463555757,0.10825153119530609,54.39639306324529,1661678168.8109305,0.013593321258075011,0.4219286010770367,0.005735411022410334
PAK,5376.96685550493,235824862.0,0.37731,0.2923212001720799,0.1833333333333333,0.6522309077626153,0.1633169134224105,0.049324480598,0.06,0.05,0.8,1.5,0.04575597665560849,14.971238714563171,2.0311281271076337e-06,3530590303.8309174,478.99051027947627,0.002372327576249964,2688.483427752465,14.971238714563171,33.38534739096258,33.38534739096258,0.07182816190934364,0.004053626915360953,0.09999999999999999,0.04575597665560849,0.8537802059454422,0.04575597665560849,0.1,4121.981028122268,1.2319064965043123,0.09790120195146232,0.2454875406537249,54.489279978458214,12849926931.399271,0.010133832222282006,0.27475567158314257,0.0027843278779439828
PAN,33266.4768445342,4408581.0,0.6914100000000001,0.2313759617501472,0.5833333333333334,0.2486707684382412,0.1649804899897565,0.011082572996,0.06,0.05,0.8,1.5,0.2227714413525001,70.91239955084966,4.531883072500404e-07,312623057.3242844,1.9979173607646905,0.010818754671380954,11975.931664032312,70.91239955084967,95.49660089646164,95.49660089646166,0.07284116940948138,0.002312292707891309,0.07200000000000001,0.2227714413525001,1.6505340337550676,0.2227714413525001,0.07200000000000001,48159.78870072379,0.5323246237691878,0.07083203555491052,0.11186925450554348,187.07412389183756,824731428.1812011,0.005623502746206036,0.37906043912224735,0.002131647420382024
PER,12743.9423914767,34049588.0,0.78708,0.2163873143982275,0.6333333333333333,0.2774178440794039,0.1392289979047943,0.02871748751,0.06,0.05,0.8,1.5,0.20935025854563533,34.90621834269471,1.1423412251464488e-06,1188542353.2067976,38.89624807165182,0.0102113630212949,2676.227902210107,34.90621834269471,55.21997131144177,55.219971311441775,0.031034037883822415,0.002272215434856082,0.07,0.20935025854563533,1.5275989756061483,0.20935025854563533,0.04200000000000001,9646.92055441143,0.35695722265944896,0.04088678386636188,0.09595937666032724,111.82800817084019,3807697605.077742,0.008774993227027775,0.31214200193361497,0.002739043952838362
PHL,8581.93769298126,115559009.0,0.47977,0.7537272681424334,0.6166666666666667,0.3459349526152716,0.3634227780965776,0.067541309528,0.06,0.05,0.8,1.5,1.0303150687230074,52.78462128542874,2.272275343713733e-06,6099738526.184452,262.5818868946934,0.019125669775791054,4290.96884649063,52.78462128542875,84.94577019331963,84.94577019331963,0.17064735009664625,0.005620295799071248,0.1,1.0303150687230074,2.216691982819526,1.0303150687230074,0.10000000000000002,12403.975990430758,0.8947305644298719,0.09778977981186925,0.21827994057651065,122.91656226331553,14204116124.835539,0.014322705041757977,0.42943457182240385,0.006150664706945922
POL,37706.606128398096,36821749.0,0.60134,0.3022118104271545,0.7166666666666667,0.421586230542222,0.3977643288747975,0.0,0.06,0.05,0.8,1.5,0.1499232743719453,12.7516161409801,6.346973896537314e-08,469536808.8875178,2.337066797278489,0.018940737148442806,3921.4870373534022,12.7516161409801,19.568275813480938,19.568275813480938,0.04627171352509172,0.0005163320203016681,0.052,0.1499232743719453,0.6922140675767195,0.1499232743719453,0.0208,9301.743636906243,0.17292556767552295,0.020529481158473743,0.03901260077035889,31.619722649751893,1164293490.8587792,0.0008385724915703307,0.40328045512063204,0.0003381798960521253
PRT,35767.72257528539,10409704.0,0.67381,0.3974524384608759,0.65,0.1251835191172326,0.4126863014831211,0.004722897288,0.06,0.05,0.8,1.5,0.2786675284702037,21.634856710020085,8.08255492421168e-08,225212454.4337229,0.8413700432478602,0.029867211242712327,7511.221740809932,21.634856710020088,26.227369613932666,26.227369613932666,0.09156251359100501,0.00024983157804965046,0.07,0.2786675284702037,1.0786681199636068,0.2786675284702037,0.042,60001.682280362955,0.2589141601367022,0.04187121748467933,0.07744176803441877,37.2003999436702,387245152.0952234,0.001040055034685791,0.5815759170003586,0.0006048709605282287
PRY,13531.396663349,6780744.0,0.62818,0.1609375709448036,0.4833333333333333,0.3203902747508443,0.1117582143593122,0.013295584114,0.06,0.05,0.8,1.5,0.06007584804558328,25.003440483175147,7.687256879979903e-07,169541929.035647,5.2125320965382445,0.003031994205309951,1894.39553286886,25.003440483175147,38.20645066201337,38.20645066201337,0.018337751822543377,0.0016906602555967504,0.07,0.06007584804558328,0.7723172239748409,0.06007584804558328,0.028000000000000004,5912.774769278067,0.23847635941804235,0.02707747771257596,0.05704201480284804,82.33133702777353,558267719.5630531,0.00608446704180769,0.30369287546903945,0.0018478092916231776
ROU,32495.9091605714,19047009.0,0.54489,0.2072899845466805,0.55,0.3181439389878922,0.4483897853104043,0.014093622224,0.06,0.05,0.8,1.5,0.25253310804376106,52.52227834123155,3.385104856118039e-07,1000392308.2659423,6.4476122660424,0.010270738625536631,3574.550007662854,52.52227834123154,77.37193661768234,77.37193661768234,0.052523691268917816,0.0019647748201150565,0.055,0.25253310804376106,2.215018282423157,0.25253310804376106,0.022,11235.637614328061,0.17590808803040037,0.020996327624486277,0.0350752473216062,134.91289352763943,2569687097.23699,0.004151688535963004,0.3893051061903981,0.0016162735463625356
RUS,27450.449218749993,144236933.0,0.75126,0.3801271692176262,0.5666666666666667,0.2324524602368638,0.23305461210559,0.000101642723,0.06,0.05,0.8,1.5,0.4850852105146532,39.43422400870981,3.4625033454211926e-07,5687871526.251269,49.94208630457925,0.014696078450979314,11254.684179687498,39.43422400870982,58.57436386010064,58.57436386010064,0.1105204160825231,0.0009646507614631453,0.082,0.4850852105146532,2.2519640629726654,0.4850852105146532,0.082,48417.14373863468,0.6343325965006923,0.08151644941671363,0.1898483348135645,107.1365769578013,15453051272.51173,0.0039029079671534773,0.368074332113878,0.0014365602433119495
SEN,3564.6281367603196,17316449.0,0.4908599999999999,0.3638467876292645,0.375,0.3456410886964015,0.1432665701184171,0.092225657019,0.06,0.05,0.8,1.5,0.007597334278704265,0.8714609506502977,2.509807077337256e-07,15090609.107427396,4.346094625454965,0.008788562310997146,1069.388441028096,0.8714609506502977,1.6722479031688282,1.6722479031688282,0.038931349415601585,0.00021879933489349913,0.10000000000000002,0.007597334278704265,0.05568156368385432,0.007597334278704265,0.06,3093.9274177770217,0.6069679314787038,0.059885003429822115,0.14533679443891792,3.6344001602121834,62934905.0199061,0.0010195734367723628,0.23978123273014057,0.00024447457552818317
SLV,9396.01377999827,6336392.0,0.74767,0.5854686773322109,0.2,0.3021237805974837,0.3541452756014177,0.033633981754,0.06,0.05,0.8,1.5,0.12737249134657547,36.256827988220216,1.2876706372951707e-06,229737474.80993468,8.159185924792022,0.007754359355434404,4698.006889999136,36.256827988220216,53.40247888819964,53.40247888819964,0.18859826500870772,0.0032854500150729157,0.1,0.12737249134657547,1.0877822868933844,0.12737249134657547,0.10000000000000002,15549.940758414641,0.8110619552771952,0.09858973517834568,0.22893718699595983,79.79570694597125,505616879.12679666,0.008492506377101753,0.4543706594738148,0.003858745723149301
SRB,20885.8886079244,6664449.0,0.56873,0.4223987784513971,0.4833333333333333,0.2280092387089795,0.3606228721441133,0.015570310022,0.06,0.05,0.8,1.5,1.3009702056130446,129.95370527206592,1.5380685233706938e-06,866069841.1467144,10.250379232509296,0.013251945495258504,2924.024405109416,129.95370527206592,182.80807102492525,182.80807102492525,0.06044352898898775,0.00458466351344248,0.07,1.3009702056130448,6.372325469879478,1.3009702056130446,0.028,12824.14880057341,0.2062257073626003,0.025822132921741965,0.056773967100275616,315.8615972969697,2105043506.2441924,0.015123206066373799,0.4114261004951635,0.0062220816988729725
SVK,33176.1845690068,5431752.0,0.53909,0.3912711758400825,0.7666666666666667,0.2183933068719898,0.3449922278949884,0.001181162619,0.06,0.05,0.8,1.5,0.9758943937954492,33.26559458506455,1.7286174952039493e-07,180690459.91861355,0.9389421536809043,0.032356182398577335,3649.3803025907473,33.26559458506455,47.30811759369911,47.30811759369911,0.03996442986698898,0.0007973669880039981,0.05499999999999999,0.9758943937954491,3.2532571005378506,0.9758943937954491,0.022,16710.12887189722,0.15791575841811037,0.021598755290464983,0.033490321538510795,71.06345145839002,385999044.5860129,0.002142001932457824,0.46811115844187007,0.0010026950059875564
SVN,41015.22523123071,2111986.0,0.55751,0.4697202338237022,0.7666666666666667,0.1574427097328758,0.4315862280858686,0.0,0.06,0.05,0.8,1.5,3.258907534702702,164.96594196812543,4.718731861164682e-07,348405759.91349334,0.9965895628533752,0.021896738664617738,4511.674775435378,164.9659419681254,211.06371643131575,211.06371643131575,0.05159137336054557,0.00237554439645037,0.055,3.258907534702702,9.049533429090655,3.258907534702702,0.022000000000000006,28655.977676515366,0.1439076051624027,0.020968030484316766,0.03595117596787951,266.6408914881123,563141829.8504124,0.006501022241981515,0.6186820822847428,0.004022065977648551
SWE,55359.3426541443,10486941.0,0.88492,0.4664987851344757,1.0,0.2217019006714324,0.4617117545409581,0.003890895303,0.06,0.05,0.8,1.5,0.349940835675841,12.34248966957054,2.626128072229659e-08,129434960.95789576,0.2754005015191617,0.04385105112154871,6089.527691955873,12.34248966957054,16.494812532688695,16.494812532688695,0.0542958983362222,0.00018412012136392262,0.055,0.349940835675841,0.7501430803832961,0.349940835675841,0.022,27467.187577163353,0.15371686758816416,0.021908102760061506,0.038234331274159275,23.281553951812384,244152282.68097332,0.0004205532948117383,0.5301402859584345,0.00022295224397225676
TGO,2202.72681593814,8848699.0,0.43921,0.2620118117867552,0.275,0.3975163837569679,0.0765943109375695,0.284347965949,0.06,0.05,0.8,1.5,0.001446491021151279,1.0439001317397336,4.963531472414837e-07,9237158.05182525,4.392079597642569,0.011642369679412456,440.545363187628,1.0439001317397336,2.2477217480796616,2.2477217480796616,0.015307834078948312,0.0002942832820087291,0.1,0.0014464910211512793,0.020075306200019596,0.001446491021151279,0.039999999999999994,1108.2445433418086,0.48614170646703725,0.03983944139511186,0.12068222676575524,3.491438197816334,30894685.689579196,0.0015850527503245256,0.2989885750784948,0.00047391266324377907
THA,17507.620193015195,71697030.0,0.5288900000000001,0.4023137548914378,0.65,0.2661875047234859,0.7860468255111798,0.000139610218,0.06,0.05,0.8,1.5,1.8716584911697145,50.22902254789718,6.601785057110538e-07,3601271736.4872603,47.33283812932059,0.039780098057495994,6652.895673345774,50.22902254789718,70.43453138727853,70.43453138727853,0.2754352751096807,0.0020706101932878376,0.076,1.8716584911697143,7.157285990822191,1.8716584911697145,0.076,24993.268110976005,0.5855755563010152,0.07496920816122737,0.15482834526481598,104.06649185573373,7461258388.575297,0.0059440683947011765,0.4826627827286534,0.0028689805921159094
TJK,4137.2775995373595,9952787.0,0.27968,0.5676002286160644,0.25,0.1088615328715904,0.2378794744440007,0.06114529141,0.06,0.05,0.8,1.5,0.25596896657650287,101.39059857598205,8.262136106566111e-06,1009119031.4292526,82.23128083366183,0.001065165090212442,827.4555199074719,101.39059857598205,124.11334864324054,124.11334864324054,0.05996618426077413,0.00529027074118505,0.1,0.25596896657650287,1.8038679596772689,0.25596896657650287,0.039999999999999994,7600.990892563601,0.2449908447292953,0.03768692529913212,0.09513431001261966,149.6003742720493,1488940660.2499866,0.036159133795802816,0.6777429472977292,0.024506597910500326
TUN,10569.050828623002,12356117.0,0.70214,0.2554201170215846,0.225,0.4027351818419936,0.1412149276714177,0.001400615474,0.06,0.05,0.8,1.5,0.03276832255040245,11.878615229842952,5.56409714621666e-07,146773559.57792142,6.8750635338019155,0.011012787986110203,2536.5721988695204,11.878615229842953,21.157700189531624,21.157700189531624,0.038378218628870156,0.0011755621043201944,0.08,0.03276832255040245,0.5701860558641608,0.03276832255040245,0.04800000000000001,6298.36257976762,0.45718763010379365,0.04739384400830517,0.11822001273476897,41.13677392161962,508290791.5780809,0.0038921918901377033,0.2887590371689329,0.0011239055826728923
TUR,33149.4982176858,84979913.0,0.77022,0.3258022353845126,0.3166666666666666,0.2319172126673958,0.2498199880946895,0.003606097893,0.06,0.05,0.8,1.5,0.6998685497064084,186.5619033075365,9.030402196170935e-07,15854014312.188866,76.7402792985615,0.007628451016421102,7955.879572244592,186.5619033075365,235.74236113944156,235.74236113944158,0.06264731933001468,0.004110192576371944,0.08,0.6998685497064084,6.783597439074677,0.6998685497064084,0.048,34304.82576407349,0.32084006641426865,0.046159015184672074,0.08055010013695854,370.9011943974568,31519151231.491962,0.011188742344207638,0.5029962322192396,0.005627895242408304
TZA,2623.86157226563,65497748.0,0.36682,0.6491126160070794,0.3,0.3392861218722182,0.059817940503309,0.449493228434,0.06,0.05,0.8,1.5,0.04581170501744394,5.077087942438148,2.0396915027254003e-06,332537826.6276523,133.59520004324958,0.006259409830772067,1311.930786132815,5.077087942438148,9.731223425004384,9.731223425004385,0.025877331627850095,0.0013169410195285128,0.1,0.04581170501744394,0.23525298942859305,0.04581170501744394,0.10000000000000002,3866.7387245120326,1.0573180527217987,0.09941015380250794,0.27335961100430606,18.653008623201405,1221730058.2442725,0.00710899112223175,0.27218600736200005,0.0019349679099321642
UGA,2280.07374296159,47249585.0,0.26159,0.5274644989712446,0.3,0.5221099997715624,0.0752840463835214,0.422077286299,0.06,0.05,0.8,1.5,0.01521781503804362,2.5412175448796885,1.5844523905199962e-06,120071474.39028418,74.86471790432776,0.015884291980914678,456.01474859231797,2.5412175448796885,6.224364965098688,6.224364965098688,0.013942850585644002,0.0011123748042607107,0.1,0.01521781503804362,0.09616960046741925,0.01521781503804362,0.04000000000000001,873.4074214089696,0.5484025547748153,0.03947421742690406,0.1142564100675347,11.737474928705963,554590819.3292613,0.0051478488206526795,0.21650461963200576,0.0011145330508384778
UKR,10731.4404296875,38000000.0,0.69919,0.2250438577946273,0.0833333333333333,0.0888663493953984,0.4204667183764806,0.000288256089,0.06,0.05,0.8,1.5,0.11937530356047676,172.78060319463148,3.3784872189294886e-06,6565662921.395996,128.38251431932056,0.01054294010783941,2146.2880859375,172.78060319463148,196.5549764643503,196.5549764643503,0.0911838231963604,0.003568189690155328,0.09999999999999998,0.11937530356047675,6.3654420821074345,0.11937530356047676,0.04000000000000001,24151.865138376383,0.22751972481880714,0.03810167706327458,0.0971184247565411,255.54843433400785,9710840504.692299,0.02381305995298242,0.6761168529360002,0.01610041115418677
URY,24426.6593485458,3422794.0,0.95688,0.4763279933240818,0.6,0.2244433082155382,0.2904803066070027,0.001121549992,0.06,0.05,0.8,1.5,0.15722829093024193,13.2977133580542,1.3137810249645872e-07,45515333.49566776,0.44968018095626394,0.009031461188434226,2931.199121825496,13.2977133580542,19.17871886005316,19.17871886005316,0.03572146942667472,0.000370867809988708,0.06,0.15722829093024193,0.5501401454944782,0.15722829093024193,0.024000000000000004,13059.864181874365,0.18613134747237506,0.023814979928325024,0.047417316574077606,34.1317781048569,116826045.30663556,0.0013973166620055589,0.38959919747521027,0.0005443934501361054
USA,64623.12562974461,333287557.0,0.83084,0.5357780100805638,0.9833333333333332,0.2978017155296604,0.4100584538333748,0.002487189622,0.06,0.05,0.8,1.5,1.4049626891643827,58.50970401384797,1.3568614383412825e-07,19500556311.568485,45.222503397227214,0.0405138480215928,20162.415196480317,58.50970401384797,89.33266561708788,89.33266561708788,0.14060278077557675,0.0009502462448196965,0.0624,1.4049626891643827,2.666730603379057,1.4049626891643827,0.06240000000000001,67704.1606715398,0.5181211660392485,0.0619471091484735,0.14442994501860146,151.6317783649428,50536984974.81724,0.00234640118204295,0.385867030280609,0.0009053988559618236
UZB,8073.21043944232,35648100.0,0.50466,0.7341401375655401,0.4,0.3463946877660698,0.23879542673876,0.815035268847,0.06,0.05,0.8,1.5,0.2512581840916766,45.28137038156087,2.0719159476634724e-06,1614194819.49892,73.85986689390224,0.0026402522960207887,1614.6420878884642,45.281370381560876,77.38686226364321,77.38686226364321,0.05696973009499792,0.0034055247110413786,0.1,0.2512581840916766,0.8556206480034801,0.2512581840916766,0.04000000000000001,4661.278434439727,0.41185899471904064,0.038563798958571684,0.11245700725022581,102.25840975167345,3645318016.6686306,0.012666387246897684,0.4428131680467468,0.005608843064505675
VNM,11396.5313049957,98186856.0,0.38766,0.7580981875000057,0.4666666666666666,0.3685205824381082,0.1344958830320623,0.00654621488,0.06,0.05,0.8,1.5,1.2268121879615614,55.0938607289703,2.333471116049093e-06,5409492969.879462,229.11619245167162,0.017474134226143977,5014.473774198108,55.0938607289703,100.62158468844531,100.62158468844531,0.05074635637365539,0.005706150610026714,0.08800000000000001,1.2268121879615614,3.4677345273531763,1.2268121879615614,0.08800000000000002,13607.03855676846,0.8958710605256704,0.08571928834939278,0.1673665730280847,193.18050824850206,18967786745.402485,0.01695081626843958,0.28519368350609725,0.004834265730031362
ZAF,13478.753856623596,59893885.0,0.6833499999999999,0.3764166252199166,0.4166666666666666,0.2609504893395919,0.3970481022953466,0.204925572138,0.06,0.05,0.8,1.5,0.02353170460455207,21.137085748916036,6.31514854539202e-07,1265982183.0807161,37.82387807356269,0.025264050274123484,2749.6657867512145,21.137085748916036,29.725442865821243,29.725442865821243,0.12464307494052346,0.0008590368999638212,0.068,0.023531704604552072,0.15003612292079166,0.02353170460455207,0.04079999999999999,10537.116805988795,0.3531872721535106,0.040369508320327346,0.10765343308890077,67.24412019344327,4027511601.7922688,0.0049888974091175965,0.3143335906263673,0.0015681780358745149
ZMB,3365.87377980882,20017675.0,0.45761,0.4990347923219916,0.0166666666666666,0.1999607740585774,0.0204125907990442,0.607930948164,0.06,0.05,0.8,1.5,0.0013042107470934332,7.204289816789927,2.130312363082007e-06,144213132.1583103,42.64390053265761,0.00814659971657378,673.174755961764,7.204289816789926,11.04542862571903,11.04542862571903,0.0030210253871556765,0.0009164152622967958,0.1,0.0013042107470934334,0.15680799421118408,0.0013042107470934332,0.04,3366.5340571474344,0.32345698100169745,0.039558809447051944,0.1111888698958817,28.30486042264869,566597496.8609442,0.008409364781425758,0.25452483104369145,0.0021403921501771603
