iso3,income_cat,income_share,axfin,diversified_share,n,c,gamma_SP,k
ARG,q1,0.0509490509490509,0.0383591152262322,0.30591241143041215,0.2,5721.94549487322,0.37333027496836874,16327.304518839404
ARG,q2,0.0989010989010989,0.065731900431188,0.2141432691191253,0.2,11107.305960636262,0.5073008144387443,35884.64134794593
ARG,q3,0.1498501498501498,0.0371094116419097,0.19271091050381395,0.2,16829.251455509486,0.6917091155697315,55853.49837010965
ARG,q4,0.2267732267732267,0.1938859110476451,0.2079285271377326,0.2,25468.267202671013,1.129447038630633,82931.64260295765
ARG,q5,0.4735264735264735,0.2221270147597444,0.20262169899570853,0.2,53180.43459940997,2.2982127563925223,174330.26602158422
ARM,q1,0.094,0.0479004899407548,0.7553327186558696,0.2,7546.793034917558,0.960649508833134,6235.714238620918
ARM,q2,0.138,0.0207471236834298,0.5136170358560411,0.2,11079.334455517266,0.9589971590493795,18198.68032757378
ARM,q3,0.173,0.0669766165796398,0.45074687195357466,0.2,13889.310585539759,1.055061167491158,25763.27664318917
ARM,q4,0.218,0.0416642702001703,0.36804986351733393,0.2,17502.137038425823,1.0855803377168205,37352.67941453257
ARM,q5,0.377,0.1026041401135401,0.18422752962170763,0.2,30267.45717195659,0.9397118269095075,83385.94411492936
AUS,q1,0.0729270729270729,0.5155466474380117,0.46425059744551017,0.2,18629.316797856947,0.5033570443766459,65100.25701576816
AUS,q2,0.1218781218781218,0.6296838891562465,0.33617072223794975,0.2,31133.92670326776,0.6091447945515913,134807.60128244912
AUS,q3,0.1638361638361638,0.7270432805527772,0.3827927168164951,0.2,41852.16376504849,0.9324130292243762,168489.57618631946
AUS,q4,0.2237762237762237,0.7461748339028289,0.3487134855350089,0.2,57163.93099616377,1.1601591794077708,242838.89708209276
AUS,q5,0.4175824175824176,0.8395599018246677,0.28911420863767345,0.2,106671.97837676996,1.7949259524396162,494622.950081372
AUT,q1,0.079,0.6638382115932856,0.659414703783707,0.2,22067.5376038468,0.6192222764059602,71331.33324157847
AUT,q2,0.135,0.6853923440884614,0.4528564488559395,0.2,37710.349069864795,0.7267000307280316,195822.4179626756
AUT,q3,0.178,0.6872906804953757,0.5135016450526326,0.2,49721.79358841429,1.0864823985333234,229577.18895687125
AUT,q4,0.23,0.6233226173406197,0.45435379013350696,0.2,64247.26137828815,1.2421751723143761,332710.36779620015
AUT,q5,0.3779999999999999,0.6738866481292712,0.2949856613651227,0.2,105588.97739562135,1.3254201220183084,706508.0346158863
BDI,q1,0.069,0.0156668630717758,0.08352456413801729,0.2,244.32151811801853,0.29526645734182566,470.485477221517
BDI,q2,0.11,0.0208023328735856,0.06385368955834515,0.2,389.49807236205845,0.3598566115239331,766.1480800752538
BDI,q3,0.15,0.0103066802573911,0.08322223645101691,0.2,531.1337350391707,0.6395602243158058,1023.1319160133588
BDI,q4,0.208,0.0542069950357003,0.08649057762210643,0.2,736.5054459209832,0.9216858860082214,1413.6850609980513
BDI,q5,0.463,0.0991772176961484,0.11734912098247444,0.2,1639.432795487574,2.7836308208102136,3040.508707698787
BEN,q1,0.07007007007007,0.0299388508504149,0.0798416622388799,0.2,1203.5135793809447,0.3242127624820781,2651.657847255056
BEN,q2,0.1101101101101101,0.075413379333577,0.1184687838550798,0.2,1891.2356247414864,0.7559605145797155,3991.9699190597207
BEN,q3,0.1501501501501501,0.0141714519705808,0.05554507377952168,0.2,2578.957670102026,0.48332504897854167,5832.1592531208025
BEN,q4,0.2142142142142142,0.0384354259584916,0.07716998109075615,0.2,3679.312942678891,0.9579981353786445,8130.034073379823
BEN,q5,0.4554554554554555,0.0987935155863254,0.09390217464239453,0.2,7822.838265976148,2.4785035385810206,16972.404115182744
BFA,q1,0.063,0.0473461544114331,0.04463421679845511,0.2,680.0404324626359,0.11888527553273083,1434.4249392600798
BFA,q2,0.098,0.0545803211841068,0.050336891157366476,0.2,1057.840672719656,0.20856050321755287,2218.008664139134
BFA,q3,0.136,0.0303035320283974,0.09711043246572974,0.2,1468.0237907129922,0.5583729836534155,2926.4502029242044
BFA,q4,0.2,0.0775577895636875,0.14784167048603375,0.2,2158.8585157544,1.2501048997024735,4061.7939108090027
BFA,q5,0.503,0.1662736350452913,0.13467810705207042,0.2,5429.529167122315,2.8640763378938265,10373.212431240054
BGD,q1,0.0859140859140859,0.0444158753443058,0.05406632986911228,0.2,2690.4015915083023,0.522064012695675,9614.87585565993
BGD,q2,0.1258741258741259,0.0374479016299205,0.04087402569251345,0.2,3941.751168954026,0.5782509764383159,14283.371864473344
BGD,q3,0.1638361638361638,0.0871026207805918,0.04793111884684028,0.2,5130.53326752746,0.882591683601918,18454.265475938042
BGD,q4,0.2177822177822178,0.0426962158189025,0.03728087047218805,0.2,6819.855197079186,0.9125169786407397,24805.080493616366
BGD,q5,0.4065934065934066,0.0887852689868649,0.04605447756948289,0.2,12732.481950510222,2.1045763486233517,45888.359150069926
BGR,q1,0.061,0.085879652429199,0.5229750667393808,0.2,8223.193833855401,0.5739085194330429,15654.716086750588
BGR,q2,0.109,0.1091351980626519,0.3940518252610381,0.2,14693.903735905551,0.7727013911531598,35533.35876274357
BGR,q3,0.149,0.2106339517632901,0.29577765061004757,0.2,20086.16198761401,0.7928362086765326,56450.832821323216
BGR,q4,0.207,0.301832503731686,0.2726091864308125,0.2,27904.936452591286,1.0151791389818567,81005.1141967191
BGR,q5,0.474,0.4477062865915038,0.21640853130546728,0.2,63898.26028274524,1.8453747417554078,199821.54928710754
BLR,q1,0.1028971028971029,0.132541551161787,0.6196228766832931,0.2,9822.614639981502,0.683006930962144,19276.61884663951
BLR,q2,0.1448551448551448,0.1361834226426805,0.5788969957839947,0.2,13827.952648517641,0.8983172522734837,30042.466657357916
BLR,q3,0.1798201798201798,0.2393593302941999,0.5021367185403586,0.2,17165.734322297765,0.967286057009675,44092.2080741955
BLR,q4,0.2247752247752248,0.2960071291924628,0.47348233988658095,0.2,21457.167902872214,1.1401099757848998,58287.40311094155
BLR,q5,0.3476523476523476,0.3048448514876219,0.3520916124246299,0.2,33187.08635644235,1.311279783969798,110935.89512804967
BOL,q1,0.0529470529470529,0.1069240174097435,0.24938144891724226,0.2,2182.539909588839,0.41075732646159036,4046.5840543826066
BOL,q2,0.1038961038961038,0.1048861766688999,0.16730043473287878,0.2,4282.719822589418,0.540724084197116,8808.766133704494
BOL,q3,0.1528471528471528,0.1561596670635573,0.13687607303402263,0.2,6300.539739001746,0.6508250683046699,13432.535268993663
BOL,q4,0.2237762237762237,0.345694380338251,0.1548425194092874,0.2,9224.319617884908,1.0779126094135085,19256.57568280674
BOL,q5,0.4665334665334665,0.2869695743907149,0.1598397475520805,0.2,19231.059203358272,2.3197809116231145,39909.144174297835
BRA,q1,0.033,0.1571299778863673,0.5090119599210448,0.2,2490.421744315907,0.3093489656805623,6925.35346669837
BRA,q2,0.075,0.2076891451005752,0.42050103789426263,0.2,5660.049418899787,0.5808113265710201,18576.80477735221
BRA,q3,0.121,0.1046187567336968,0.3353902242554206,0.2,9131.546395824991,0.7473817896653988,34372.346931883316
BRA,q4,0.196,0.2389113973101653,0.278671512287648,0.2,14791.595814724777,1.0059013416253197,60429.116807736216
BRA,q5,0.575,0.4313477961126382,0.22253754081806512,0.2,43393.71221156503,2.3565565764576983,191075.21797199053
BTN,q1,0.088,0.1775256871270109,0.04240938453667359,0.2,5102.100567306159,0.40721144936132486,33065.97524057641
BTN,q2,0.135,0.1698421353731918,0.04840503471248648,0.2,7827.086097571951,0.7130166029811418,50408.60591551631
BTN,q3,0.176,0.1579560705241589,0.03365687705496709,0.2,10204.201134612318,0.6463411735993122,66736.40543509582
BTN,q4,0.228,0.3013630112575361,0.054873644293919416,0.2,13219.07874256596,1.3651299317580357,84555.81966121843
BTN,q5,0.373,0.309951309413864,0.0459052798638297,0.2,21625.948995513605,1.8683008423001854,139642.97967111535
BWA,q1,0.039,0.0801744902592873,0.20953549064213733,0.2,3026.1369538272397,0.24610025486619813,13288.234092157973
BWA,q2,0.07,0.1138897689639308,0.20875318433037277,0.2,5431.5278658437655,0.4400692387850876,23874.28109504141
BWA,q3,0.111,0.1078551917971134,0.22889757349493975,0.2,8612.851330123682,0.7651631223760214,36893.96540813736
BWA,q4,0.195,0.2593374611756258,0.21934733807328607,0.2,15130.684769136202,1.2881215406189104,65616.45205788802
BWA,q5,0.585,0.3014121840142778,0.12831209315182138,0.2,45392.0543074086,2.260545843353783,219804.8013106518
CAN,q1,0.076,0.4654344153633449,0.4432646867858555,0.2,18610.34290545282,0.5204726865124133,69330.21576082052
CAN,q2,0.128,0.5669049838768597,0.31853297642629536,0.2,31343.735419710014,0.6299202741578858,142927.2392500963
CAN,q3,0.172,0.6379744994764767,0.3601147742431037,0.2,42118.14447023533,0.9569529890373476,180339.4414364886
CAN,q4,0.23,0.7615169590741179,0.338185507458935,0.2,56320.77458229144,1.201722093165956,249415.99404943173
CAN,q5,0.3939999999999999,0.763011432991304,0.2777849375466947,0.2,96479.93558879488,1.6909319571263972,466254.41157063306
CHE,q1,0.075,0.659738157239826,0.5787758590383711,0.2,27104.32772182705,0.6236362173722918,76471.80405189819
CHE,q2,0.124,0.572692181863931,0.36600110072061875,0.2,44812.4885000874,0.6520242281921397,190299.21998398588
CHE,q3,0.168,0.4965530784846046,0.40280404365130595,0.2,60713.6940968926,0.9722159918950841,242858.30482674378
CHE,q4,0.225,0.5552408157484044,0.36730611704148364,0.2,81312.98316548117,1.1873269792042356,344590.2402363429
CHE,q5,0.408,0.5268158389772293,0.26695500585921206,0.2,147447.54280673916,1.564796583336249,723965.0729822853
CHL,q1,0.055,0.2717431589272714,0.3503452301457151,0.2,7118.683372944441,0.4471167918450939,26421.076002705533
CHL,q2,0.095,0.2755210928589978,0.2819267355405894,0.2,12295.90764417676,0.6214725484239347,50442.60909401842
CHL,q3,0.135,0.3072937185829472,0.2662745105409278,0.2,17473.13191540908,0.8341140669756328,73244.08442273719
CHL,q4,0.1989999999999999,0.298433032219055,0.2368815009457364,0.2,25756.69074938078,1.0938211195825374,112292.36726493188
CHL,q5,0.516,0.4009311538629113,0.16732939722107992,0.2,66786.19309889694,2.003475473172801,317707.97268402344
CHN,q1,0.072072072072072,0.2951805566308808,0.41951697045644676,0.2,6554.176979791849,0.478396887602409,27499.706835659592
CHN,q2,0.1101101101101101,0.385593673559255,0.3094940696951066,0.2,10013.325941348667,0.5392017987035987,49976.534516579544
CHN,q3,0.1531531531531531,0.4617633136163322,0.3074711666933974,0.2,13927.62608205769,0.7450786893169481,69716.46061826198
CHN,q4,0.2172172172172172,0.5265892543553258,0.3358120393810427,0.2,19753.56117520601,1.154150147428276,94832.4068024988
CHN,q5,0.4474474474474475,0.5649303243601916,0.2942465574742483,0.2,40690.51541620778,2.0831724769487683,207570.94775761757
CIV,q1,0.07,0.0485559499719115,0.05767019950484495,0.2,1938.0794151896625,0.1882178574978774,3886.084415256628
CIV,q2,0.11,0.0140873291907981,0.07176691411073671,0.2,3045.5533667266127,0.3680681932299854,6015.351282374576
CIV,q3,0.154,0.0398189490960778,0.10626248804662888,0.2,4263.774713417257,0.7629780304101437,8108.527091423753
CIV,q4,0.2189999999999999,0.036568988291247,0.11535238478143571,0.2,6063.419884664797,1.1778284057294437,11413.679957343928
CIV,q5,0.447,0.1544852362742804,0.12009528224483104,0.2,12376.021408425417,2.5029075131325498,23171.515230893427
CMR,q1,0.045,0.0637432510666379,0.011685431818937091,0.2,837.7947757249896,0.14227067843580254,2091.5300030453295
CMR,q2,0.085,0.046006982908648,0.0081289464150363,0.2,1582.5012430360916,0.18694390463690133,3964.884403177438
CMR,q3,0.1369999999999999,0.074099182824278,0.0144529918687482,0.2,2550.6196505405223,0.5357182586019393,6349.715967626555
CMR,q4,0.216,0.0824550988498633,0.015083333235435231,0.2,4021.41492347995,0.8814733774069883,10004.827978583868
CMR,q5,0.517,0.1638020290818243,0.023260265265587433,0.2,9625.331089995992,3.253593780918368,23747.93145627219
COD,q1,0.055,0.0079414388339966,0.054244699184483464,0.2,311.4799133383162,0.17071041008826668,984.9671206424257
COD,q2,0.1,0.0059296079941837,0.06957002480073327,0.2,566.327115160575,0.398072493454598,1761.8298072377315
COD,q3,0.145,0.0365200715667735,0.07066526502534355,0.2,821.1743169828335,0.5862920500354545,2551.6460527963386
COD,q4,0.216,0.0707728548884827,0.06640019947617118,0.2,1223.2665687468418,0.8206597738274845,3818.517288721608
COD,q5,0.484,0.1112590684465445,0.10920298504425295,0.2,2741.023237377183,3.024265272594196,8164.025913725259
COL,q1,0.036,0.0352263472401528,0.16095567432226618,0.2,2811.015399595229,0.1950781601921039,8111.941991378086
COL,q2,0.079,0.0247101443952473,0.09984595058299083,0.2,6168.6171268895305,0.265556787179267,19097.712967000352
COL,q3,0.123,0.0561708687078023,0.09698641207360593,0.2,9604.302615283705,0.401620491343008,29828.871804785853
COL,q4,0.1989999999999999,0.1137702778775058,0.11518619707957349,0.2,15538.66845887362,0.771708661852318,47287.06903456425
COL,q5,0.563,0.3413749276085615,0.17758672175604004,0.2,43961.15749922539,3.366035899433303,124347.17964441857
COM,q1,0.0449550449550449,0.0732632395089104,0.043931552203652045,0.2,729.5683884840462,0.22414400717983526,2974.2149084801454
COM,q2,0.0909090909090909,0.089813030391947,0.0630459764813386,0.2,1475.3494078232952,0.6504843283388734,5894.276700183071
COM,q3,0.1388611388611388,0.1246939087911512,0.047962801960748716,0.2,2253.5556888729448,0.755887940420205,9148.282440246445
COM,q4,0.2217782217782218,0.1019543749089028,0.05123231561124788,0.2,3599.204049854633,1.2895406296414098,14560.748647874905
COM,q5,0.5034965034965035,0.1684920428898784,0.03639844638546024,0.2,8171.16595102133,2.0799430944196757,33573.674424512894
CRI,q1,0.045,0.1253641148307716,0.6384467572755618,0.2,4965.957219300367,0.4374932157579604,6179.107426632977
CRI,q2,0.086,0.1291627558041855,0.4065173435958192,0.2,9490.496019107368,0.5323676458376483,19384.180895816786
CRI,q3,0.131,0.1523599600978203,0.33962716162870343,0.2,14456.453238407737,0.6774977149272028,32854.99978262885
CRI,q4,0.211,0.2055958531943229,0.2769838728995867,0.2,23284.82162827505,0.8899611780956627,57939.05542597025
CRI,q5,0.527,0.4773406817669622,0.30687625668738544,0.2,58156.876768250964,2.4626802453815255,138727.43682956413
CZE,q1,0.098,0.4975768936883921,0.6347606524600622,0.2,20115.797074932216,0.8138871876670236,62543.73411229924
CZE,q2,0.144,0.6153896334887214,0.46470617039262574,0.2,29557.905906022846,0.8755260440085126,134689.8602078852
CZE,q3,0.176,0.638601773376798,0.4112830102282436,0.2,36126.329440694586,0.9470689003564748,181050.3671803284
CZE,q4,0.217,0.5739124183736224,0.36389040681928386,0.2,44542.12209449277,1.033138339961871,241196.97230920292
CZE,q5,0.365,0.6621499496811639,0.2785829613239841,0.2,74921.08094234957,1.3303795280061177,460107.6272858662
DEU,q1,0.079,0.5867661634564268,0.6253449971362854,0.2,21318.002091801674,0.6175780342898972,61057.954467376556
DEU,q2,0.13,0.5446887258705088,0.4311506150504183,0.2,35080.256606762254,0.7006763065949054,152554.23497104942
DEU,q3,0.17,0.6468940133706433,0.5002161483811006,0.2,45874.18171653525,1.0630451221068995,175272.8966957608
DEU,q4,0.223,0.5277499517075587,0.43672810960800745,0.2,60176.13248698448,1.2174778778210655,259123.35908273348
DEU,q5,0.3979999999999999,0.5507960580586982,0.2816300613871152,0.2,107399.55484224133,1.4012226591872317,589813.6857920204
DJI,q1,0.054,0.3261829580622483,0.3183780957617832,0.2,1347.1403552725885,0.7517708430361167,1869.6584813518473
DJI,q2,0.104,0.0254752708009596,0.11224426798862797,0.2,2594.4925360805405,0.5104415848981743,4689.77287397174
DJI,q3,0.151,0.1433822990899865,0.12381675036305954,0.2,3767.0035860400158,0.8175322354766897,6720.427178805259
DJI,q4,0.215,0.2590716451073763,0.09745986189512343,0.2,5363.614377474194,0.9162474705621145,9856.664422654612
DJI,q5,0.476,0.2278326151452861,0.09628174038830412,0.2,11874.792761291706,2.0040078660269045,21850.681962604303
DNK,q1,0.094,0.4260844201385817,0.7117120262065038,0.2,28169.50636032133,0.7401642244645932,69983.59371651683
DNK,q2,0.14,0.6004340894084118,0.464835046216947,0.2,41954.58394090411,0.7199839774207837,193489.57094200284
DNK,q3,0.175,0.6511413731216112,0.5347377774735744,0.2,52443.22992613012,1.0353205804830985,210270.18673352513
DNK,q4,0.221,0.8580885777955294,0.499687391213922,0.2,66228.30750671291,1.2217619523463077,285545.67232260935
DNK,q5,0.37,0.8283438920443291,0.31336528994182383,0.2,110879.971843818,1.282769265285217,656098.9435718828
DOM,q1,0.065065065065065,0.0296038748179616,0.27525573746912446,0.2,6291.146057644448,0.5058582086905735,22283.37637363008
DOM,q2,0.1101101101101101,0.0786206071052736,0.20250110618477646,0.2,10646.554866782923,0.6297949153187559,41495.941969120206
DOM,q3,0.1521521521521521,0.1254009345949232,0.18363456218306412,0.2,14711.60308864549,0.7891818285131137,58696.34394806237
DOM,q4,0.2152152152152152,0.1300519338447742,0.15502629477772392,0.2,20809.175421439348,0.9423731247115918,85933.89708169634
DOM,q5,0.4574574574574575,0.2571333015591306,0.16506432578815286,0.2,44231.596128361794,2.132791922765965,180489.55356275057
DZA,q1,0.0939060939060938,0.0786801854840803,0.25460913936479523,0.2,5257.91182509217,0.7879525977414348,21002.73484120065
DZA,q2,0.1368631368631368,0.1089708381986481,0.17314832625656243,0.2,7663.126808910934,0.7809749682168945,33955.65476585564
DZA,q3,0.1748251748251748,0.1797060007719539,0.1048945446753201,0.2,9788.66563182054,0.6043509372630076,46954.38807409308
DZA,q4,0.2227772227772227,0.185126542899905,0.1107399481750122,0.2,12473.556776548454,0.8130316047802272,59442.57006786094
DZA,q5,0.3716283716283716,0.2491039953233613,0.16441877229103713,0.2,20807.906371641377,2.0136898919984354,93174.17300597782
ECU,q1,0.047,0.0468351245917013,0.2629452543771558,0.2,2551.9161898417196,0.44924475325460334,12075.378010563334
ECU,q2,0.091,0.0763710162071649,0.16919298103202768,0.2,4940.944112246734,0.5596848527121142,26353.887000141753
ECU,q3,0.14,0.137132916691434,0.1455633145817514,0.2,7601.452480379591,0.7407979818714798,41697.59938171496
ECU,q4,0.213,0.1135820478751326,0.12598642291284234,0.2,11565.06698800609,0.9754907765643949,64893.45733091674
ECU,q5,0.509,0.2802580418141294,0.12294252049964474,0.2,27636.709375094368,2.274781635597407,155614.10850215622
EGY,q1,0.09,0.0072302745862831,0.1008546684799298,0.2,5751.341940446189,0.36156444810620747,7979.40459865492
EGY,q2,0.128,0.0124194391297128,0.07945462203353028,0.2,8179.686315301248,0.40511315007880455,11618.585411476564
EGY,q3,0.161,0.0407116094581907,0.08537075841118927,0.2,10288.51169346485,0.5474976011353195,14520.081086504204
EGY,q4,0.208,0.033004051443688,0.1118951939239133,0.2,13291.990262364525,0.9270901636641935,18214.85166284192
EGY,q5,0.413,0.0840982313037589,0.167692126088341,0.2,26392.269126714178,2.758734637015475,33894.72685372329
ESP,q1,0.06,0.5124210240890174,0.5437266917169433,0.2,12066.90376070307,0.4390231462974287,52553.360527291865
ESP,q2,0.121,0.5319983262828593,0.4027589260290848,0.2,24334.922584084525,0.6558221169261699,138726.43195753606
ESP,q3,0.172,0.5232375242470458,0.4549777884217401,0.2,34591.79078068213,1.0531110179782202,179956.20537087755
ESP,q4,0.237,0.509984907539679,0.4061782611807989,0.2,47664.26985477713,1.2954496450994124,270164.70848105784
ESP,q5,0.41,0.5981930284150068,0.28212138138502146,0.2,82457.17569813764,1.5565940736987685,565013.7977008328
ETH,q1,0.073073073073073,0.0668249848182675,0.053707150725924954,0.2,869.9955067780768,0.2876812899135758,1827.5612541506025
ETH,q2,0.1211211211211211,0.1998977573542481,0.05565151698871821,0.2,1442.047346851334,0.4941047420204631,3023.0211172875934
ETH,q3,0.1631631631631631,0.2230092930999187,0.049311298666542575,0.2,1942.5927069154325,0.589780880046817,4099.6752919335895
ETH,q4,0.2122122122122122,0.2986245893033137,0.06174343392955947,0.2,2526.5622936568825,0.960468851379764,5262.365354469856
ETH,q5,0.4304304304304305,0.3438428573101494,0.08455803919862125,0.2,5124.631067322924,2.6679642366393796,10414.125196153253
FIN,q1,0.095095095095095,0.4283478545462935,0.7307268296398575,0.2,23497.417631375643,0.7519634678076016,58832.47599032691
FIN,q2,0.1401401401401401,0.5160457829378459,0.47856096384051916,0.2,34627.773351500975,0.7257438920468788,167892.77730956677
FIN,q3,0.1741741741741741,0.7064152165298438,0.5671486301654894,0.2,43037.375451151194,1.0689668050478736,173216.1900205599
FIN,q4,0.2232232232232232,0.6883661843686666,0.5063036833034809,0.2,55157.096124176554,1.223021335354529,253200.8664234583
FIN,q5,0.3673673673673673,0.7615638351867251,0.3094770616495133,0.2,90774.23442857753,1.2303044997431165,582833.6413619682
FRA,q1,0.08,0.4700268569084476,0.6838139866301673,0.2,18361.764518900716,0.6259041804449558,58366.67546562898
FRA,q2,0.132,0.5235452894180503,0.4774168015806791,0.2,30296.911456186182,0.7210269800188673,159170.17319776147
FRA,q3,0.175,0.5591118865254463,0.5500390993321258,0.2,40166.35988509532,1.1013148535635953,181695.90570991757
FRA,q4,0.225,0.5577003533869865,0.4909111459667633,0.2,51642.46270940828,1.263762011881478,264306.85185181675
FRA,q5,0.3879999999999999,0.5742656386514349,0.2901359507047646,0.2,89054.55791666846,1.287991974091103,635534.6339312295
GAB,q1,0.06006006006006,0.0867159027932193,0.07313828263745724,0.2,4186.122165851677,0.32813823314119445,15233.053605000421
GAB,q2,0.1081081081081081,0.0720357945734913,0.07052181452559043,0.2,7535.019898533026,0.5695187938153243,27496.899878161214
GAB,q3,0.1571571571571571,0.0523264315652333,0.07666100414933442,0.2,10953.686333978563,0.8999844018311121,39708.328446348925
GAB,q4,0.2302302302302302,0.1324393659574363,0.06185392534225583,0.2,16046.801635764778,1.0637900608337723,59104.29985908074
GAB,q5,0.4444444444444444,0.2205083278769762,0.06441386683467892,0.2,30977.304027302438,2.1385685103785965,113785.65706410083
GBR,q1,0.0759240759240759,0.6296397926625712,0.5506567792351712,0.2,18065.05853293004,0.5654926737617241,60839.35454263376
GBR,q2,0.1238761238761238,0.5800800251145609,0.38963108721353873,0.2,29474.569185306897,0.6528413974316787,134836.32368944027
GBR,q3,0.1688311688311688,0.5461118371265639,0.4355318159017382,0.2,40170.98542191021,0.9945783261993416,169949.14520397756
GBR,q4,0.2287712287712287,0.6408411969182096,0.40025553655635576,0.2,54432.87373738129,1.2385262925705411,244677.7856898381
GBR,q5,0.4025974025974026,0.6522239910490175,0.28437470145363597,0.2,95792.34985224748,1.5485613100367144,513787.51065906737
GEO,q1,0.07,0.0447032214829759,0.8942036086869787,0.2,5977.419336584574,0.823633956879769,3916.3143404487173
GEO,q2,0.121,0.0304692358265424,0.5509246037867155,0.2,10332.396281810474,0.8771569798626676,28735.137569300598
GEO,q3,0.1689999999999999,0.0714401236830336,0.39834140989002864,0.2,14431.198112611315,0.8858127887618966,53770.6733334889
GEO,q4,0.225,0.0779277608757043,0.34886233440745307,0.2,19213.13358187898,1.0328479358321887,77475.42814302564
GEO,q5,0.415,0.1647846243317244,0.2528155226395482,0.2,35437.55749546567,1.380548338663478,163977.62284465873
GHA,q1,0.047,0.0666894653005868,0.02515271003425018,0.2,1287.8775461025534,0.12937260421976157,3275.877032238554
GHA,q2,0.096,0.1176231456020613,0.02027616614239123,0.2,2630.558392039258,0.2130182205490266,6724.624690372935
GHA,q3,0.148,0.1375183742291437,0.022714526409372673,0.2,4055.4441877271884,0.36789601193029253,10341.327768902802
GHA,q4,0.223,0.2454553154089217,0.036084569668336675,0.2,6110.567931507858,0.8806149857733429,15368.693165594796
GHA,q5,0.486,0.4833274732494473,0.06409786454132053,0.2,13317.20185969874,3.409098177527576,32520.69751833148
GIN,q1,0.085,0.0029556270241719,0.061606669108111294,0.2,1147.1297632725282,0.34526926665530333,2186.911504141515
GIN,q2,0.131,0.0432005780934326,0.057157347691863564,0.2,1767.929399867073,0.49369034243849674,3386.397130092415
GIN,q3,0.173,0.037122026195175,0.0505162131552342,0.2,2334.7464593664395,0.5762197749132727,4503.612617559624
GIN,q4,0.2289999999999999,0.070895380346976,0.0600489469567879,0.2,3090.5025386989273,0.9066760552103473,5901.577191007054
GIN,q5,0.382,0.0904226904308857,0.10633087421050497,0.2,5155.336112589481,2.6781445607825796,9359.819811152796
GMB,q1,0.0659340659340659,0.0971010176718656,0.09280097407962597,0.2,696.7961025250974,0.37444175455930767,1360.7055532226846
GMB,q2,0.1088911088911089,0.1771415074132536,0.08191515779892566,0.2,1150.769320836904,0.5458566070907691,2274.1911309745083
GMB,q3,0.1518481518481518,0.1531961036406449,0.0855114605380376,0.2,1604.7425391487097,0.794613087018797,3158.9263577189076
GMB,q4,0.2167832167832168,0.1856686149181742,0.07453180219078512,0.2,2290.9811249688823,0.9887560588874084,4563.92900237702
GMB,q5,0.4565434565434566,0.2186606687985938,0.08219223113361929,0.2,4824.785134151056,2.296332492443718,9532.033851275703
GRC,q1,0.067067067067067,0.1147063452665822,0.5043348961652383,0.2,10631.614193521134,0.46269601018315304,66601.94556021204
GRC,q2,0.1251251251251251,0.1947501882811897,0.3914427916689532,0.2,19835.101107315568,0.6700083973804836,152558.07240135243
GRC,q3,0.1721721721721721,0.2261424119013713,0.4524412568195753,0.2,27293.099123666212,1.0655959957134267,188878.67765550065
GRC,q4,0.2302302302302302,0.339716696081185,0.412975501804862,0.2,36496.58603746064,1.300630872299865,270774.54246648314
GRC,q5,0.4054054054054054,0.4473683624022706,0.2706721796841429,0.2,64265.72758770243,1.5010687244230716,592381.6158167192
GTM,q1,0.045,0.0752902507618037,0.24422337030960037,0.2,2061.4618771898918,0.3040892162489277,5846.854552334856
GTM,q2,0.086,0.0586099013658818,0.2600605294324751,0.2,3939.6826986295705,0.6188340172727953,10939.839838929127
GTM,q3,0.132,0.0893974300591521,0.2899192133933715,0.2,6046.954839757018,1.0588933334920725,16113.801559020405
GTM,q4,0.201,0.1344894823178911,0.1635730565111925,0.2,9207.863051448183,0.9097228674685686,28902.83141319503
GTM,q5,0.536,0.1593261033027603,0.14216719930655963,0.2,24554.30147052849,2.108460565517636,79046.7022044489
HND,q1,0.036,0.0519098979209926,0.13226564295152815,0.2,1027.642357457485,0.1964275177044555,4182.761818117304
HND,q2,0.08,0.0520293694452327,0.13781491810637897,0.2,2283.6496832388557,0.4548194184940295,9235.583349011626
HND,q3,0.1369999999999999,0.0564899573407171,0.1266877193300418,0.2,3910.750082546538,0.7159914979634161,16020.053991736824
HND,q4,0.225,0.1656581066124491,0.1284079130361447,0.2,6422.7647341092825,1.1918650531823578,26258.483318601786
HND,q5,0.522,0.1999205118429636,0.11335118994966506,0.2,14900.814183133534,2.4408965126557414,61972.06668167284
HRV,q1,0.079,0.1854097407093063,0.40756809382712705,0.2,13549.427782008226,0.5088795064795516,57723.08077265646
HRV,q2,0.134,0.1499491041101585,0.30718692779345996,0.2,22982.573706191168,0.6505717798435418,114499.8301994792
HRV,q3,0.179,0.2269934268909591,0.3099388996071831,0.2,30700.60218961358,0.8768328451988566,152343.71717191036
HRV,q4,0.235,0.2923349330352343,0.3098405508291569,0.2,40305.25985787256,1.1507839871969907,200032.8264107902
HRV,q5,0.373,0.4061694931845878,0.30752821160023547,0.2,63973.88054036796,1.8129318812810595,318562.67340699123
HTI,q1,0.055,0.0691510154844073,0.06445046252062034,0.2,769.7559543701195,0.13518214730671257,7249.163655281007
HTI,q2,0.103,0.0864286377009329,0.1584816820722124,0.2,1441.5429690931333,0.6225108274430836,12211.224767368492
HTI,q3,0.152,0.1048917969917812,0.10135221753113702,0.2,2127.325546622876,0.5874994387870698,19243.830430514456
HTI,q4,0.2189999999999999,0.1541248875789316,0.09734994394283436,0.2,3065.0282546737476,0.8130372310331255,27849.791926740083
HTI,q5,0.471,0.1920848504500161,0.158211285577013,0.2,6591.910081969569,2.841770355430008,55857.62069925598
HUN,q1,0.0810810810810811,0.1318740468114005,0.8146712925343891,0.2,14333.828032359248,0.6826155362854465,24580.267694330374
HUN,q2,0.1341341341341341,0.219313918530023,0.619857341063681,0.2,23712.752547359734,0.8592217937593575,83408.49770018783
HUN,q3,0.1771771771771771,0.3192081579499544,0.5840988506999848,0.2,31322.068663303522,1.0694693802326678,120537.52766068117
HUN,q4,0.2292292292292292,0.3770486351066004,0.48952093324496865,0.2,40524.03233839835,1.1596194400009872,191413.3889964756
HUN,q5,0.3783783783783783,0.5467674951093731,0.3143239271431742,0.2,66891.19748434314,1.229073849721541,424394.4415314699
IDN,q1,0.0729270729270729,0.0728842834622945,0.19798339960462535,0.2,4525.036945112366,0.36160322403552303,25743.17006379308
IDN,q2,0.1098901098901099,0.1439433191521393,0.2069576407553516,0.2,6818.548821402199,0.5695800988345419,38357.02171377974
IDN,q3,0.1498501498501498,0.1480915551266056,0.22706584311726877,0.2,9298.021120093905,0.8521650628996131,50978.79513095162
IDN,q4,0.2097902097902098,0.2492578257221486,0.21310732775190927,0.2,13017.22956813147,1.1196913794295305,72659.19866514081
IDN,q5,0.4575424575424575,0.3624811241142319,0.182997038042562,0.2,28389.95782002006,2.096960234800791,164529.93157432432
IND,q1,0.081,0.0502245740855072,0.20159903678064484,0.2,2880.375955358069,0.5722332535926363,10005.80180007079
IND,q2,0.119,0.0941720334337496,0.10249061441589605,0.2,4231.66344058778,0.4273962214641761,16524.631559610632
IND,q3,0.157,0.0993120968755837,0.10390593144770496,0.2,5582.950925817491,0.5716623793026797,21767.02519007231
IND,q4,0.215,0.1509226271449145,0.11028517382315295,0.2,7645.442350641788,0.8309123465355834,29596.142684873877
IND,q5,0.428,0.2426856427831661,0.173205476997981,0.2,15219.764307324118,2.5977957991049245,54750.38593379578
IRN,q1,0.0599400599400599,0.1759897016055211,0.09046578277706491,0.2,4633.690111504193,0.5095470290407832,26597.18848697105
IRN,q2,0.1028971028971029,0.2092346298722513,0.05805351463731183,0.2,7954.501358082204,0.5613250456098938,47285.5988146977
IRN,q3,0.1468531468531468,0.199637167915027,0.0470617312541019,0.2,11352.540773185277,0.6494323409856255,68272.77276911047
IRN,q4,0.2157842157842158,0.2634401264517911,0.04980270478423141,0.2,16681.28440141511,1.0098464870937052,100030.62435207941
IRN,q5,0.4745254745254745,0.3420916463102973,0.050904326763834135,0.2,36683.38004940822,2.269849097269992,219719.7224090385
IRQ,q1,0.088,0.0,0.1295524577927307,0.2,4047.5691052241405,0.48797544222425193,9793.514574702478
IRQ,q2,0.131,0.0090503182715976,0.11454403049185866,0.2,6025.3585543677555,0.6422637252007802,14830.355590368074
IRQ,q3,0.171,0.0120109400180943,0.11606852116064453,0.2,7865.162693106001,0.8495328932458196,19325.37852944405
IRQ,q4,0.225,0.0095675858519416,0.10922143662647375,0.2,10348.898280402633,1.051865086764376,25625.10028866092
IRQ,q5,0.385,0.0603216061251828,0.11944687530776518,0.2,17708.114835355616,1.9683628525647718,43344.06016461174
ITA,q1,0.0629370629370629,0.3538688777965296,0.5618179435559773,0.2,13938.102120951276,0.4454683728196367,70591.26889271496
ITA,q2,0.1208791208791209,0.5658478638344857,0.4487307157090682,0.2,26770.005660874696,0.6833636736993726,170570.92915204077
ITA,q3,0.1688311688311688,0.4680346506257375,0.5010774551434246,0.2,37389.51203874232,1.0657915878541029,215613.3678840043
ITA,q4,0.2307692307692308,0.4836336956434804,0.44873931433133424,0.2,51106.37444348805,1.3046283760011197,325630.33098313346
ITA,q5,0.4165834165834167,0.5720127744682899,0.2859505886293891,0.2,92256.96165772519,1.5007479896257683,761412.7945077295
JAM,q1,0.053053053053053,0.0741726762909765,0.21972680138454484,0.2,2681.2654348632204,0.263194819265228,15460.477907527267
JAM,q2,0.092092092092092,0.157170950232747,0.3352647005545933,0.2,4654.272075611629,0.6970984068299935,22863.195200967075
JAM,q3,0.1321321321321321,0.2493227199394733,0.22072232685075183,0.2,6677.868630225385,0.6584739980837714,38456.21347784957
JAM,q4,0.2062062062062062,0.3685253025966494,0.21320548306775616,0.2,10421.522256260832,0.9926222889214554,60593.89922261559
JAM,q5,0.5165165165165164,0.3503899529857607,0.20482228174965106,0.2,26104.395554517418,2.3886104868995512,153396.07912196178
JOR,q1,0.0819999999999999,0.0311587810546151,0.2506571286735848,0.2,3891.1733535088965,0.48854310601940254,11918.142428471156
JOR,q2,0.121,0.0030155371509295,0.18487477027677465,0.2,5741.853363104597,0.5317065300591186,19130.390915448654
JOR,q3,0.158,0.0387778946918668,0.176395344239637,0.2,7497.62670554154,0.6624501176547297,25240.038824676794
JOR,q4,0.215,0.0283132829857013,0.18850920592690842,0.2,10202.466719566019,0.9633409023317516,33840.45517592367
JOR,q5,0.424,0.098142756197973,0.23357379915591492,0.2,20120.21343765578,2.353959343934997,63030.43991771563
JPN,q1,0.077077077077077,0.5168410148253075,0.58646629731949,0.2,16047.89642339458,0.5884681803550602,51142.31352614313
JPN,q2,0.1281281281281281,0.5874796193207347,0.4005983945896738,0.2,26677.022625902697,0.6682029278310481,123227.20742403026
JPN,q3,0.1661661661661661,0.6513876395250483,0.45846010543937066,0.2,34596.76371796755,0.9917423018567344,144383.40489249813
JPN,q4,0.2172172172172172,0.7208094448564782,0.41912163276436243,0.2,45225.889920475674,1.185192818400805,202452.74611561274
JPN,q5,0.4114114114114114,0.7141678817371131,0.2924623232694125,0.2,85658.25233785945,1.5663937715563523,467057.2611166245
KAZ,q1,0.0980980980980981,0.1071710723853977,0.26657635269553975,0.2,12798.512859501363,0.5009130167305235,25445.285574002333
KAZ,q2,0.1351351351351351,0.2064420231642981,0.2492041456981995,0.2,17630.604449313105,0.6450652568170442,35882.44100737056
KAZ,q3,0.1681681681681681,0.1670728700183121,0.23528510704608713,0.2,21940.307759145195,0.7579112265830767,45481.54143049136
KAZ,q4,0.2192192192192192,0.1959069980184907,0.26261245502485075,0.2,28600.7583288857,1.1027423524741158,57169.745349530276
KAZ,q5,0.3793793793793794,0.2786557156465492,0.27430497490080663,0.2,49496.28952807161,1.9933681473952392,97368.7738295763
KEN,q1,0.072,0.0740058896639231,0.08033456970645321,0.2,1757.351422543093,0.35064196893176663,3984.4974670129
KEN,q2,0.11,0.1417744565197023,0.07426646549749273,0.2,2684.842451107503,0.4952384647432544,6127.592531114615
KEN,q3,0.146,0.2108426130396833,0.07950663333125323,0.2,3563.51816237905,0.7036961058290088,8086.949213536484
KEN,q4,0.205,0.2888084408097629,0.07978273677431999,0.2,5003.570022518529,0.9914977177399604,11351.556997699803
KEN,q5,0.467,0.3563325840509562,0.08685595604438322,0.2,11398.376587883675,2.45892574275601,25660.633156106018
KGZ,q1,0.094,0.035053962632039,0.3814432802912668,0.2,2382.970610885459,0.620212524245545,4271.085692271099
KGZ,q2,0.131,0.0570109880314407,0.3171574494563907,0.2,3320.948404531864,0.7186690169331542,6570.868464554309
KGZ,q3,0.1689999999999999,0.0286718704524895,0.2893530633401686,0.2,4284.276949357897,0.8458580735536706,8822.090223399262
KGZ,q4,0.221,0.074782005124316,0.27374690100048726,0.2,5602.516010698792,1.0464637645912482,11789.928582181308
KGZ,q5,0.385,0.1184141356738171,0.2656039078589718,0.2,9760.03920415853,1.7687966206763817,20769.306185031302
KOR,q1,0.075,0.2681632396972375,0.3737947777531284,0.2,17085.046889597812,0.4619531526824236,75737.26608251134
KOR,q2,0.13,0.5513448817245967,0.2978923388379603,0.2,29614.081275302873,0.6381255428885947,147190.14730146737
KOR,q3,0.174,0.7024286511147096,0.343384845489982,0.2,39637.30878386692,0.9845410199507171,184243.3518241783
KOR,q4,0.23,0.6765845569319104,0.30927660867977297,0.2,52394.14379476663,1.1721369398309749,256190.8858085398
KOR,q5,0.391,0.7722509558798484,0.2705688626399114,0.2,89070.04445110327,1.74324334464729,459931.0515038829
LAO,q1,0.07007007007007,0.0643480094803011,0.10770966744186611,0.2,2784.465044106587,0.29693806009356,9935.00547546469
LAO,q2,0.1081081081081081,0.1114914736169028,0.09078612429873678,0.2,4296.03178233588,0.3861502974321223,15619.01685418674
LAO,q3,0.1471471471471471,0.1618466389353052,0.09402864635943772,0.2,5847.376592623836,0.5443655844760197,21183.40081056312
LAO,q4,0.2102102102102102,0.1886867927847938,0.10039199565858488,0.2,8353.395132319767,0.8302932823333813,30049.447324886925
LAO,q5,0.4644644644644644,0.3253630302830719,0.1610085202848815,0.2,18457.02543522082,2.9422527756649166,61921.20711774877
LBN,q1,0.0789210789210789,0.0074072135542218,0.2268815618499703,0.2,5124.705862983599,0.5608957216243039,26503.92126097049
LBN,q2,0.1268731268731268,0.0092040756981328,0.2201111224517153,0.2,8238.451197454646,0.8747854325189435,42980.69740404437
LBN,q3,0.1698301698301698,0.0267387749619631,0.156468550459647,0.2,11027.848059584961,0.832399505348227,62228.19600046121
LBN,q4,0.2247752247752248,0.0101578733598369,0.1455373989404712,0.2,14595.68125533304,1.024738279754773,83428.14502629694
LBN,q5,0.3996003996003996,0.075488311737149,0.1363841055870591,0.2,25947.877787258738,1.7071810607537519,149905.52111650901
LKA,q1,0.074,0.1825145408704772,0.13884409164396103,0.2,4514.050836111039,0.3313401331012287,13245.896858695842
LKA,q2,0.111,0.3565874974616195,0.15194262991269605,0.2,6771.076254166558,0.5438980941456557,19566.631916648745
LKA,q3,0.15,0.3060006294919246,0.15270164790067686,0.2,9150.103046171023,0.738669048914203,26417.729226814663
LKA,q4,0.208,0.3816021341503763,0.15686468546237253,0.2,12688.142890690486,1.0522124521567857,36452.59736631019
LKA,q5,0.457,0.4688573452837104,0.15836071494572895,0.2,27877.31394733439,2.3338802716821263,79948.45262116528
LSO,q1,0.0459540459540459,0.1253068562041472,0.465305823903631,0.2,514.7632644704646,0.4602883710791258,1650.9378976144865
LSO,q2,0.0889110889110889,0.130362602492427,0.3049393785417653,0.2,995.9550116928563,0.583629452738007,4152.217958697987
LSO,q3,0.1418581418581418,0.190434009313246,0.2664116716654757,0.2,1589.0518164088269,0.8135331883972676,6992.109304582139
LSO,q4,0.2257742257742258,0.1191326920752129,0.21657125696294657,0.2,2529.0542993548947,1.0525504933014775,11884.348861001063
LSO,q5,0.4975024975024975,0.2584865522552773,0.19515646717467364,0.2,5572.871863180255,2.0899984944841212,26903.46716333633
MAR,q1,0.067,0.0407593551401853,0.23414517378473562,0.2,2707.9273535156253,0.6441114998744646,11760.1242199442
MAR,q2,0.107,0.0424275882846399,0.14579425138196497,0.2,4324.600400390625,0.6405089723245534,20947.727726650806
MAR,q3,0.147,0.0262963618241949,0.06383176126723888,0.2,5941.273447265624,0.3852611373379909,31540.01463086966
MAR,q4,0.209,0.0497213619331853,0.07283832067688943,0.2,8447.116669921874,0.6250391926440085,44411.190223838246
MAR,q5,0.47,0.2080483486907411,0.14017839620731143,0.2,18995.90830078125,2.7050791978189817,92618.3124797015
MDA,q1,0.1009999999999999,0.0266885050767195,0.6310644707426633,0.2,6720.7507539862745,0.661974096764303,11730.679560240655
MDA,q2,0.142,0.0529196154200528,0.5899984856747884,0.2,9448.976307584673,0.8701319856312948,18328.423967691157
MDA,q3,0.176,0.0904177544868274,0.519701064808406,0.2,11711.407254471142,0.9499749785321486,26611.88320593978
MDA,q4,0.221,0.0532535387472136,0.4760799975858931,0.2,14705.80115476206,1.0927431702897652,36450.926386159874
MDA,q5,0.36,0.1785410994340085,0.38117116272394097,0.2,23955.15120232734,1.4251757687824882,70133.3140575532
MDG,q1,0.057057057057057,0.0182262601837022,0.08337775718614972,0.2,428.63605781533676,0.3073434882322977,942.9920506166833
MDG,q2,0.1001001001001001,0.0,0.0499655249378499,0.2,751.9930838865566,0.3231241411949777,1714.6763179647412
MDG,q3,0.1411411411411411,0.0419474109400263,0.07195228539027272,0.2,1060.310248280044,0.6560888500273016,2361.7406386128064
MDG,q4,0.2072072072072072,0.0531810723460942,0.07339607680549001,0.2,1556.6256836451719,0.9825216833149016,3461.842174181076
MDG,q5,0.4944944944944945,0.0626313278066664,0.08548371143130865,0.2,3714.8458343995894,2.730921837230521,8153.821098079473
MEX,q1,0.05,0.0609429743411054,0.22122115172854004,0.2,5063.695286152374,0.3236588920785481,20601.265937915166
MEX,q2,0.093,0.0370839503600293,0.16307600467120253,0.2,9418.473232243417,0.4437760917812944,41179.27770470313
MEX,q3,0.138,0.1188198505171631,0.14998829176407621,0.2,13975.798989780556,0.6056578284830969,62060.282867200105
MEX,q4,0.207,0.1463571692403766,0.15178751606424734,0.2,20963.69848467083,0.9193847361924591,92893.37930495785
MEX,q5,0.512,0.2226256879873979,0.18072207976154858,0.2,51852.23973020032,2.7075224514646012,221927.42195991712
MKD,q1,0.058058058058058,0.0392698946891579,0.49015599529975357,0.2,4972.3128583054495,0.4475332245835219,14111.850898289516
MKD,q2,0.1231231231231231,0.0814188591433212,0.40928982760025534,0.2,10544.732440889153,0.7924995647154058,34673.543733711806
MKD,q3,0.1801801801801801,0.112472775756053,0.3560636800121566,0.2,15431.315767154854,1.0089349144640698,55313.87644671543
MKD,q4,0.2482482482482482,0.1721318540352918,0.3209673098537211,0.2,21260.92394585781,1.2530703477112215,80363.90514370367
MKD,q5,0.3903903903903904,0.3365966238989678,0.2439906614988315,0.2,33434.51749550221,1.4979619485257811,140705.2933592565
MLI,q1,0.075,0.0417926978138122,0.13822956301343203,0.2,799.7337430877885,0.5770920587825817,1113.8482038218817
MLI,q2,0.112,0.0969681837350069,0.0899324237159537,0.2,1194.269056344431,0.5606827829762632,1756.5673992322952
MLI,q3,0.154,0.0483404125746646,0.08937658857284946,0.2,1642.1199524735925,0.7661739723240392,2416.7553364884916
MLI,q4,0.221,0.1135340159608998,0.07706261790585059,0.2,2356.5487629653508,0.9480231263128792,3515.099835675723
MLI,q5,0.438,0.2591831725434714,0.08810142643839294,0.2,4670.445059632687,2.1480280596042367,6883.254078663362
MMR,q1,0.089,0.0367874110582003,0.027737065180524628,0.2,1891.194887384067,0.11187529720291538,6043.449579700897
MMR,q2,0.13,0.0624405118400535,0.09253586778111805,0.2,2762.4194984261653,0.5451765194534482,8239.179937231018
MMR,q3,0.166,0.1025994938117063,0.09602850275186862,0.2,3527.3972056826424,0.7224236148020081,10480.306696093854
MMR,q4,0.216,0.1058707317437273,0.09863545551080742,0.2,4589.866243538859,0.9655404974569515,13597.697922929423
MMR,q5,0.3989999999999999,0.1441216060050824,0.14682680070963694,0.2,8478.502922092612,2.6549840710846766,23775.04059044478
MNG,q1,0.0789210789210789,0.1521650933216991,0.3853272554456756,0.2,4764.167787712118,0.5368215806834485,17830.0848389503
MNG,q2,0.1228771228771229,0.2084738108890473,0.3301647555026647,0.2,7417.628327703679,0.7161581996711982,30252.095895856273
MNG,q3,0.1648351648351648,0.2712566339557321,0.3026113628839144,0.2,9950.477024968348,0.8805262788490473,42251.40674158697
MNG,q4,0.2247752247752248,0.2943351716421047,0.2717384297198392,0.2,13568.832306775024,1.0782183671065506,60166.15709964991
MNG,q5,0.4085914085914086,0.4746682479351016,0.24793508660174596,0.2,24665.121837648814,1.7882755736897546,112943.43649326096
MOZ,q1,0.044,0.0519020363503409,0.10018565820700198,0.2,275.1699310240364,0.26597443305955654,819.3879292570658
MOZ,q2,0.083,0.0675006116755185,0.05075723778584685,0.2,519.0705517044323,0.2541895730444943,1630.5696754437993
MOZ,q3,0.124,0.0605965767969318,0.06669303476677987,0.2,775.4788965222845,0.4989807879835479,2395.135934625012
MOZ,q4,0.188,0.1836853282465736,0.08049452639744406,0.2,1175.7260689208829,0.9130737518972688,3577.635922434031
MOZ,q5,0.561,0.179992338951668,0.0906316521229262,0.2,3508.4166205564634,3.0677814540151327,10558.121841757344
MRT,q1,0.075,0.0853035257930889,0.148251191943747,0.2,1998.8304385763659,0.44097921079297314,8824.274608179405
MRT,q2,0.124,0.0707129568498086,0.11390000890409085,0.2,3304.732991779592,0.5601496924946361,15177.86320167738
MRT,q3,0.1689999999999999,0.0691922259278622,0.11779660734647762,0.2,4504.0312549254095,0.7895472875060181,20594.99282818669
MRT,q4,0.23,0.0906565813331331,0.11972727043682821,0.2,6129.746678300857,1.0921431752096789,27967.348919865017
MRT,q5,0.402,0.157531216029152,0.1327923941629368,0.2,10713.731150769323,2.117180633996693,48156.548026030476
MUS,q1,0.072,0.1936051784993949,0.3265989722235045,0.2,8222.886196706553,0.4227002440617626,23857.193686483202
MUS,q2,0.1159999999999999,0.2705973319606224,0.30392664340512937,0.2,13247.983316916103,0.6337412138838233,39730.68794702133
MUS,q3,0.155,0.2437814602866618,0.29427108466839186,0.2,17702.0466734655,0.8199067779998235,53824.83350588354
MUS,q4,0.211,0.2357556424412829,0.27208450213415886,0.2,24097.624826459487,1.031980399826223,75574.71295526896
MUS,q5,0.446,0.4993572435166604,0.26089959422339853,0.2,50936.21171848783,2.0916713642283673,162200.1996817464
MWI,q1,0.069,0.0211723200005421,0.0857446597817894,0.2,506.07339897430995,0.2653721436829516,536.4420903427495
MWI,q2,0.11,0.0623567829783786,0.07158715772222046,0.2,806.783679524262,0.35320509955798346,868.4405106064406
MWI,q3,0.149,0.0454670220564074,0.06813625825415444,0.2,1092.8251659010457,0.45536925924098964,1180.71459592046
MWI,q4,0.21,0.0712319153779906,0.08722622871125095,0.2,1540.223388182682,0.8216096869662411,1630.0040986947172
MWI,q5,0.462,0.1360907563383477,0.14981064285707146,0.2,3388.491454001901,3.104443810551834,3340.1339925407
MYS,q1,0.057057057057057,0.3174949775681868,0.22748902938202378,0.2,8097.4287429260185,0.423558151751614,29609.181539860925
MYS,q2,0.1001001001001001,0.3595390907735115,0.18503391076741496,0.2,14206.015338466717,0.6044064064911402,54800.74082112643
MYS,q3,0.1481481481481481,0.511124079356046,0.1793729041173007,0.2,21024.902700930732,0.8671541085937755,81668.47751324298
MYS,q4,0.2212212212212212,0.4968034964347084,0.15105302443792795,0.2,31395.293898011434,1.0904341146896157,126159.43360495764
MYS,q5,0.4734734734734734,0.6595262316582574,0.13038181452552466,0.2,67194.45255094755,2.014447218473854,276590.1088904109
NAM,q1,0.0279999999999999,0.1517750759438701,0.2932626606244928,0.2,1366.788764933905,0.3391430013242942,3519.1371336155066
NAM,q2,0.0579999999999999,0.2227435838585465,0.17893291947347265,0.2,2831.2052987916654,0.4286336860919694,8468.895145470062
NAM,q3,0.098,0.3354006045339467,0.14506281621382497,0.2,4783.760677268685,0.5871515851452671,14899.798807293715
NAM,q4,0.179,0.3692154986969459,0.1194063131357471,0.2,8737.685318684638,0.8827716500745649,28031.65379557188
NAM,q5,0.637,0.6054998508619283,0.10499373024925612,0.2,31094.444402246452,2.762300077363904,101387.78429863065
NER,q1,0.076,0.0022084392167175,0.061093378358796455,0.2,484.3638617578399,0.44248207429106934,2061.7599075270073
NER,q2,0.114,0.0207802964017218,0.04114038151255128,0.2,726.5457926367599,0.4469522353606736,3158.3625135506873
NER,q3,0.15,0.0213553133419506,0.05170643509124956,0.2,955.9813061009999,0.739135059830864,4109.946404181457
NER,q4,0.204,0.010966420106905,0.0436509706615035,0.2,1300.13457629736,0.8486175723832701,5637.00843664856
NER,q5,0.456,0.0699447856763596,0.05805401756897456,0.2,2906.1831705470395,2.522813058134122,12410.60452787758
NGA,q1,0.071,0.0969443675224913,0.03600130430033553,0.2,1761.9219111005475,0.15567456868800963,5571.528964922225
NGA,q2,0.1159999999999999,0.0643620506793268,0.04434510298857258,0.2,2878.6329815163854,0.3132887098644191,9023.991476436922
NGA,q3,0.162,0.1814208024484214,0.06734475780316204,0.2,4020.1598534970244,0.6644463149012413,12299.168396800924
NGA,q4,0.2269999999999999,0.226014374790342,0.0795699551530883,0.2,5633.186955208791,1.1000592005400087,17008.117259926094
NGA,q5,0.424,0.3155616491939218,0.10713432299385849,0.2,10521.899863473694,2.766531206006321,30817.08687197627
NIC,q1,0.0509490509490509,0.0465417309506273,0.36447347630308013,0.2,1483.216931868125,0.6098142642467291,4194.320276124099
NIC,q2,0.0919080919080919,0.0161938599921934,0.23214933739369165,0.2,2675.6070143503457,0.7006752052567927,9141.60230700916
NIC,q3,0.1368631368631368,0.0630213576703577,0.17981171418615538,0.2,3984.327836586926,0.8081649702037953,14540.91924968793
NIC,q4,0.1998001998001998,0.0616846171460038,0.1735826544044719,0.2,5816.536987718143,1.1389319981373978,21388.83611709348
NIC,q5,0.5204795204795205,0.1173141466278979,0.10194174087579728,0.2,15152.078853005758,1.7424135621552845,60548.023083188775
NLD,q1,0.092,0.4468083212256409,0.5664257856510707,0.2,27254.616821826152,0.6624766405746921,90269.42606720401
NLD,q2,0.146,0.617689079289825,0.3978286734900266,0.2,43251.89191289801,0.7383948580443821,198958.42568407295
NLD,q3,0.183,0.6828162766967795,0.45457288931631784,0.2,54212.987808632446,1.0575340193027827,225879.70856591227
NLD,q4,0.225,0.7026409155548948,0.41111705154267286,0.2,66655.31287946615,1.1759469617833729,299847.82666410424
NLD,q5,0.354,0.8353170860226604,0.30345593242761926,0.2,104871.02559702669,1.3656475202947698,558009.0824584544
NOR,q1,0.088088088088088,0.7866175370787385,0.6900992905808615,0.2,29712.23467719997,0.6984153273488213,68575.12911043417
NOR,q2,0.1411411411411411,0.7547753277595618,0.4479344291288091,0.2,47607.10328960452,0.7263619164223141,195736.20670140607
NOR,q3,0.1771771771771771,0.7686090260767167,0.5072946691742305,0.2,59762.108384822684,1.032649819985393,219291.56092537005
NOR,q4,0.2262262262262262,0.8067433618311679,0.4602498614652971,0.2,76306.42087553634,1.1962490731102515,306734.4766552067
NOR,q5,0.3673673673673673,0.9289005260412548,0.3189803796829752,0.2,123913.52416514086,1.3463238631332195,628473.6588127027
NPL,q1,0.0830830830830831,0.0813923661698509,0.203908101895387,0.2,1662.367849067396,0.27739767566108753,6132.861581434078
NPL,q2,0.1211211211211211,0.1125171755557926,0.23727162807546506,0.2,2423.4519245440342,0.47056695269667054,8565.98161966928
NPL,q3,0.1621621621621622,0.1436086315547349,0.2832152854583075,0.2,3244.621584926726,0.752007110428799,10777.68822538131
NPL,q4,0.2182182182182182,0.1759073501252725,0.2929305271338658,0.2,4366.2191698396655,1.046673840848478,14306.732178945698
NPL,q5,0.4154154154154154,0.2909781816882818,0.36067990976569825,0.2,8311.839245336978,2.4533544203649646,24625.684729187404
PAK,q1,0.0960960960960961,0.0254369582948276,0.09310387236054396,0.2,2583.527618260627,0.27391280173587307,4293.468599391638
PAK,q2,0.1311311311311311,0.0,0.1169494377788903,0.2,3525.4387290848126,0.46950777294666085,5704.746853465771
PAK,q3,0.1641641641641641,0.0183619598804472,0.1364270509136071,0.2,4413.526347861904,0.6856740160367526,6984.2920040967265
PAK,q4,0.2122122122122122,0.0323645218186577,0.16691351152438447,0.2,5705.290156992218,1.0844279623716448,8709.745443888889
PAK,q5,0.3963963963963964,0.0424529388185657,0.20488774651601066,0.2,10657.051425325088,2.4864774469090682,15527.557380379652
PAN,q1,0.037,0.0429326115507338,0.32674352368733817,0.2,6154.298216238825,0.3663921224013255,19954.356061291866
PAN,q2,0.079,0.1347697732557831,0.2182719014559756,0.2,13140.258353591007,0.5225914960033364,49469.585042990984
PAN,q3,0.125,0.0831347516095732,0.16790734572570232,0.2,20791.548027833873,0.6360878858165573,83317.67736344192
PAN,q4,0.2019999999999999,0.1612723949872697,0.14577553650248867,0.2,33599.14161297952,0.8924285039804101,138222.5267512673
PAN,q5,0.557,0.3291928763314285,0.15298460109351436,0.2,92647.13801202775,2.582499991798371,377921.8089577271
PER,q1,0.058,0.0224761951867241,0.20015585921011753,0.2,3695.7432935282422,0.41690452452028526,12378.988086404126
PER,q2,0.105,0.0743011854212601,0.1467290494300847,0.2,6690.569755525266,0.5532809408243383,23907.163030291813
PER,q3,0.152,0.1069558755832063,0.12873392206862802,0.2,9685.39621752229,0.7027112328931604,35338.34261584829
PER,q4,0.221,0.1850373042063327,0.12147834927956087,0.2,14082.05634258175,0.9641208223426596,51807.96411626493
PER,q5,0.464,0.3406125125521124,0.14180848391214274,0.2,29565.94634822594,2.362982479419556,106256.12678003442
PHL,q1,0.065,0.0398110521289581,0.33292057585110607,0.2,2789.12975021891,0.2977226351036702,8448.910783318277
PHL,q2,0.104,0.0904042684634712,0.3138982909470657,0.2,4462.607600350255,0.44913836206793123,13903.740797801182
PHL,q3,0.143,0.1433655366374655,0.3221754465797658,0.2,6136.0854504816,0.6338497699869456,18887.007658755312
PHL,q4,0.208,0.1245321905071535,0.33427786946925514,0.2,8925.21520070051,0.9565965734697,26981.503832824055
PHL,q5,0.48,0.5581704410525042,0.4032013181192695,0.2,20596.650463155023,2.6626926593717526,55818.59683160873
POL,q1,0.086,0.2942521511357877,0.6269472090379854,0.2,16213.840635211182,0.6777563504725194,23823.37571010467
POL,q2,0.1369999999999999,0.3127080713932358,0.47763388009602786,0.2,25829.02519795268,0.8225453720078646,53141.049068187625
POL,q3,0.176,0.3117511413094756,0.42159644659652507,0.2,33181.81339299033,0.9327253503461382,75592.40718735736
POL,q4,0.225,0.4083561841436992,0.38673774749957057,0.2,42419.93189444786,1.0938134326116637,102462.11284869698
POL,q5,0.376,0.4941571778296098,0.3116863285531465,0.2,70888.41952138842,1.4731594945618134,192180.2684984535
PRT,q1,0.069,0.2746191976148786,0.5454886564861289,0.2,12339.864288473462,0.5015392067123701,71711.56721974107
PRT,q2,0.124,0.3385875105017002,0.398366539094534,0.2,22175.987996676948,0.658225361824358,170588.23036847444
PRT,q3,0.1639999999999999,0.407927678946305,0.4612674531494006,0.2,29329.532511734007,1.0080143952775358,202028.41575742047
PRT,q4,0.222,0.5129047691440046,0.4212023626203188,0.2,39702.172058566786,1.2459879640947014,293815.78260971117
PRT,q5,0.421,0.5993330754154201,0.2827579539686573,0.2,75291.05602097578,1.5862330720910347,690467.4869104374
PRY,q1,0.05,0.0068883176467496,0.19854653300332967,0.2,3382.84916583725,0.44414304161344564,9526.873994655158
PRY,q2,0.095,0.0520224618364564,0.14949190970828255,0.2,6427.413415090775,0.6353775202879965,19208.973581728267
PRY,q3,0.139,0.0399212168703701,0.11468894547308742,0.2,9404.320681027555,0.7132255786364396,29255.854823066413
PRY,q4,0.208,0.0296042680948389,0.08648768524548509,0.2,14072.652529882957,0.8048374177321453,45173.094915959264
PRY,q5,0.508,0.0881347502165815,0.10570463451779315,0.2,34369.74752490646,2.402416441729973,108005.73015880755
PSE,q1,0.0729270729270729,0.0,0.041009918129968,0.2,2086.592755972009,0.2890096212348272,7372.805497705187
PSE,q2,0.1188811188811189,0.0353431947707732,0.035465306736463226,0.2,3401.432026858482,0.40742832658903866,12088.171584804732
PSE,q3,0.1658341658341658,0.0636212640422436,0.03658318581285116,0.2,4744.8547601555265,0.5862598457091585,16842.948117626278
PSE,q4,0.2317682317682317,0.0560953628088427,0.04232197432830517,0.2,6631.363279253507,0.9478823634043227,23399.323870574957
PSE,q5,0.4105894105894107,0.1842280392184599,0.06979855621741898,0.2,11747.803050746521,2.7694198430626527,40263.78814849027
ROU,q1,0.0559999999999999,0.0689786269869498,0.5317151438286881,0.2,9098.854564959976,0.33203307735694276,24279.563970567644
ROU,q2,0.123,0.1538543399931108,0.5051995804761219,0.2,19984.984133751408,0.6929188669579749,56347.92311244406
ROU,q3,0.178,0.1950460058834509,0.48896528066511935,0.2,28921.359152908546,0.9705374967244118,84219.595617494
ROU,q4,0.243,0.2096812580512408,0.47889066243566586,0.2,39482.52963009424,1.2976481042192751,117240.55657830021
ROU,q5,0.4,0.3061432804976687,0.38266984481794186,0.2,64991.8183211428,1.7068624547413949,228623.16137246962
RWA,q1,0.06,0.0535478359514437,0.08304088298649506,0.2,709.4405909854141,0.2813865847254967,1219.6631064064702
RWA,q2,0.098,0.1003294369920231,0.07918317602183891,0.2,1158.7529652761764,0.43824722260969806,2000.4973711186062
RWA,q3,0.136,0.1413254671159126,0.07304965453175646,0.2,1608.0653395669387,0.5610702665994711,2794.6925857646297
RWA,q4,0.198,0.2380605045399841,0.0817578573856941,0.2,2341.1539502518663,0.9142287430195205,4030.5199467870593
RWA,q5,0.508,0.4123761026129511,0.09777309783122262,0.2,6006.597003676507,2.805067183045813,10160.571786476514
SDN,q1,0.078,0.0392309603304326,0.02403560781327596,0.2,1392.5368945312498,0.13179326863792973,2361.0582128155334
SDN,q2,0.121,0.0342220525155554,0.050403972257074936,0.2,2160.217490234375,0.4287396524740292,3563.7101907524375
SDN,q3,0.161,0.046351631557189,0.06877272048149109,0.2,2874.338974609375,0.7783691196307372,4650.072083585444
SDN,q4,0.216,0.0915880654079332,0.07405753286046411,0.2,3856.256015624999,1.1245182511507414,6203.201282351032
SDN,q5,0.424,0.1641188180876393,0.08510187718396893,0.2,7569.687734374998,2.536579708106563,12031.415147042053
SEN,q1,0.071071071071071,0.0679610711794081,0.1008774604552696,0.2,1266.7096982481603,0.25021430873788936,3846.138353195533
SEN,q2,0.1081081081081081,0.0781402747228229,0.1380423319257968,0.2,1926.8260198704431,0.5208296440332992,5608.637379535372
SEN,q3,0.1491491491491491,0.0789419117938295,0.12000249184955665,0.2,2658.3062681545916,0.6246491955640885,7899.78696639604
SEN,q4,0.2122122122122122,0.0692070437011136,0.12108272811777966,0.2,3782.288113079018,0.8967630611009054,11226.16778838343
SEN,q5,0.4594594594594595,0.1451778141526832,0.16885081124495713,0.2,8189.010584449384,2.7075437905638178,22984.726475439984
SLE,q1,0.0789210789210789,0.0325995776673348,0.02309311020476778,0.2,645.0866263363687,0.22882437342053616,694.7091189597686
SLE,q2,0.1168831168831169,0.0537161783171708,0.02642993268898168,0.2,955.3814592576606,0.3878597214870965,1025.3586757562118
SLE,q3,0.1528471528471528,0.0280288075402812,0.05783794731529162,0.2,1249.344985183094,1.109933768650552,1297.5968267661967
SLE,q4,0.2097902097902098,0.0364677966057018,0.03198267632519578,0.2,1714.7872345650314,0.8424164912499688,1829.8907424290219
SLE,q5,0.4415584415584416,0.0925355926337615,0.04384941356752145,0.2,3609.218846084495,2.4309656451918467,3804.2697227416447
SLV,q1,0.056,0.0135464077063852,0.44131089058352213,0.2,2630.883858399515,0.3489162721528382,7532.725311651171
SLV,q2,0.11,0.0352200409604926,0.3966977993505105,0.2,5167.807578999047,0.6160855577481755,15977.966000143837
SLV,q3,0.159,0.0137284609845383,0.37260208451339255,0.2,7469.830955098623,0.83643260999346,24017.848098422426
SLV,q4,0.227,0.1025370357088934,0.3439602892489104,0.2,10664.475640298037,1.1023581428116913,35855.01294945445
SLV,q5,0.448,0.2226860224114107,0.3314115863907415,0.2,21047.070867196126,2.0962074172938343,72115.85522447451
SRB,q1,0.0659340659340659,0.1177019755430239,0.6205004918431745,0.2,6885.457782832214,0.5672424505143246,17923.981882483837
SRB,q2,0.1238761238761238,0.1179072537068239,0.491405343532545,0.2,12936.314622290829,0.8440034439149532,45130.77812184275
SRB,q3,0.1688311688311688,0.1785902577923596,0.43521147575872376,0.2,17630.94492876735,1.0187548796366968,68304.90816956425
SRB,q4,0.2247752247752248,0.256635936890137,0.36189303722254224,0.2,23473.15153238257,1.1278345755310066,102743.7339486094
SRB,q5,0.4165834165834167,0.275732111443263,0.24968711553543438,0.2,43503.57417334903,1.4421646504030183,223901.91218369297
SVK,q1,0.0950950950950951,0.3868690345791056,0.3609749881089055,0.2,15774.462132410641,0.49750324856036926,70467.1390150787
SVK,q2,0.1541541541541541,0.5025581042509674,0.37652462021830985,0.2,25571.233351486706,0.8412194486542928,111451.31737404385
SVK,q3,0.1901901901901902,0.5697158184202626,0.4593341178583086,0.2,31548.924264821282,1.26612770046093,119241.58575527483
SVK,q4,0.2322322322322322,0.7158464273721681,0.3976616451877687,0.2,38522.896997044925,1.3384337974594551,162208.52692015268
SVK,q5,0.3283283283283283,0.7664817425208903,0.22206962258075214,0.2,54463.40609927042,1.0567158048649523,296182.7432944144
SVN,q1,0.1028971028971029,0.2003343200590003,0.6830844202328568,0.2,21101.739254828986,0.8572515849623409,71987.36368372146
SVN,q2,0.1478521478521479,0.2963820936554409,0.4804274331172543,0.2,30320.945725385347,0.866335688965497,169583.4172658889
SVN,q3,0.1818181818181818,0.428497587813094,0.448025971793355,0.2,37286.56839202791,0.9935077757031996,221546.80232867275
SVN,q4,0.2237762237762237,0.4747705049369988,0.40463065025399586,0.2,45891.16109788048,1.1043417401239528,294110.1047409261
SVN,q5,0.3436563436563437,0.5906280994098055,0.28118862339583156,0.2,70475.71168603077,1.1785632102450094,545316.7518223979
SWE,q1,0.0819999999999999,0.6043096507319019,0.6513853035080908,0.2,22679.69883300151,0.6138780283034715,63125.374700640896
SWE,q2,0.138,0.7815982422608921,0.456130906326659,0.2,38168.27364578306,0.723433919731331,165736.39624853703
SWE,q3,0.177,0.8132377654316678,0.518407016192398,0.2,48954.95967611305,1.0545675860272545,188233.90091465204
SWE,q4,0.231,0.914338042065421,0.4767312689285127,0.2,63890.37110272382,1.2656566332163735,266920.0443314557
SWE,q5,0.372,0.8729754923781807,0.31399980111569586,0.2,102888.38982776302,1.3424638327215692,563522.9483256161
SWZ,q1,0.037,0.0553660461330446,0.35840799128376544,0.2,1675.8378876826564,0.31833160759918466,4324.534575775608
SWZ,q2,0.068,0.0731156708014428,0.3301425048022191,0.2,3079.9182800654244,0.5389031333120161,8297.93517190293
SWZ,q3,0.107,0.1342393095432073,0.2855594226055112,0.2,4846.341999514711,0.7334670809483711,13926.070651439733
SWZ,q4,0.186,0.133411816327057,0.2405121255644318,0.2,8424.482354296599,1.0738664511466365,25734.307879426568
SWZ,q5,0.602,0.3018032988217537,0.16161078156271416,0.2,27266.335361755664,2.335431726993791,91943.46775773927
TGO,q1,0.0579999999999999,0.0661350663061148,0.10932799069389429,0.2,638.7907766220595,0.4139356684998642,1549.989878309442
TGO,q2,0.098,0.0596066044165264,0.054693591107144834,0.2,1079.3361398096886,0.3498936058625164,2779.5964119929295
TGO,q3,0.142,0.0931630748260675,0.06404000238166856,0.2,1563.9360393160791,0.5936263559841286,3987.757095431893
TGO,q4,0.211,0.1158152866132899,0.07187782240983819,0.2,2323.876790814738,0.9900357051868737,5875.8495878902495
TGO,q5,0.491,0.2473984518086241,0.08275644538116221,0.2,5407.694333128134,2.6525086644666165,13512.920609920699
THA,q1,0.0759240759240759,0.2944313379404937,0.3587701920050574,0.2,6646.249423921852,0.1732676375823609,74831.41174289979
THA,q2,0.1148851148851149,0.473693779807551,0.648000231325381,0.2,10056.824786197543,0.4735441872243692,62157.97566045151
THA,q3,0.1568431568431568,0.5950560435886022,0.9138354967387143,0.2,13729.752099417507,0.9117067806401042,20772.304712094912
THA,q4,0.2237762237762237,0.6124690210279847,0.9231491081143267,0.2,19588.945670506506,1.3140363569426743,26433.433237932888
THA,q5,0.4285714285714286,0.641461531944315,0.7803933285228448,0.2,37516.32898503257,2.1274450376104914,144663.6655805157
TJK,q1,0.074074074074074,0.0029179908814289,0.48921349638926115,0.2,1532.3250368656873,0.675374259786858,9825.883787186138
TJK,q2,0.1201201201201201,0.0,0.3705157854572283,0.2,2484.85141113355,0.8294731193533631,19636.6129517395
TJK,q3,0.1641641641641641,0.0043413103144933,0.30677791953775313,0.2,3395.9635952158496,0.9386037844246077,29554.031069415298
TJK,q4,0.2242242242242242,0.0202621796682559,0.27202076281761334,0.2,4638.3893007826255,1.1367485986727919,42390.398704376086
TJK,q5,0.4174174174174174,0.025736773646444,0.1825058688228359,0.2,8634.858653689082,1.4198002377623788,88617.84580137297
TUN,q1,0.078,0.0239399205285892,0.2636848445810326,0.2,4121.929823162969,0.6836973266418076,8870.273216694904
TUN,q2,0.123,0.0927790200071769,0.1755970678547354,0.2,6499.966259603145,0.7179703027704402,15661.137186514885
TUN,q3,0.165,0.1407384322998733,0.10545858736520794,0.2,8719.466933613972,0.5784289268934334,22796.231036016736
TUN,q4,0.225,0.1678671460402555,0.11155002986193945,0.2,11890.182182200875,0.8343270396471107,30874.088866010145
TUN,q5,0.409,0.2629747302559926,0.16075281081522327,0.2,21613.708944534035,2.1855764040472083,53014.15677325538
TUR,q1,0.054054054054054,0.0390036018099532,0.25212466878179673,0.2,8959.323842617774,0.27276361228402046,38512.877815531916
TUR,q2,0.1011011011011011,0.0201250595526363,0.2557545262818203,0.2,16757.253853785114,0.517513919040015,71683.72740744641
TUR,q3,0.1461461461461461,0.122009382171967,0.288118212988386,0.2,24223.35705596659,0.8427541523780536,99115.99419208345
TUR,q4,0.2182182182182182,0.1000173135352905,0.29135674692204405,0.2,36169.12217945697,1.2725032665337856,147321.84665249236
TUR,q5,0.4804804804804805,0.1956228314564718,0.21779833106792507,0.2,79638.43415660253,2.094465049764125,358049.42401731014
TZA,q1,0.0689310689310689,0.0151755882474025,0.04175069371484535,0.2,904.3279145171248,0.240556589056986,2716.604369070776
TZA,q2,0.1048951048951049,0.0311650613332113,0.04832536411608363,0.2,1376.1511742651905,0.42371018589066234,4105.59952308061
TZA,q3,0.1418581418581418,0.0385639709613773,0.04556722775122773,0.2,1861.0806356729233,0.540313006769126,5568.426328017937
TZA,q4,0.2037962037962038,0.0487036652382917,0.04972308216720857,0.2,2673.66513857237,0.8470180769733506,7964.878190829812
TZA,q5,0.4805194805194806,0.1793622057583205,0.07340694852913585,0.2,6304.082998300541,2.9484021413098747,18311.878834121184
UGA,q1,0.061,0.1041894837660148,0.06474618216674818,0.2,695.4224916032848,0.26230770673852416,1347.124891549691
UGA,q2,0.1,0.110872302427526,0.0565437178299049,0.2,1140.036871480795,0.37553585750328033,2227.7698232619523
UGA,q3,0.141,0.1832388056725147,0.06935833024988257,0.2,1607.4519887879208,0.6495084307379919,3098.4903157913936
UGA,q4,0.203,0.1970260046695377,0.07627146952802608,0.2,2314.274849106014,1.0283127075365541,4427.8095397134075
UGA,q5,0.495,0.1988880025101405,0.08165156486653855,0.2,5643.182513829935,2.684335297483649,10733.990964907794
URY,q1,0.057,0.0413691166357454,0.34610876793102646,0.2,6961.5979143355535,0.3395789546373488,28585.338159242387
URY,q2,0.102,0.0619422695521173,0.28202203742456083,0.2,12457.596267758357,0.49514970831092686,56166.09763978299
URY,q3,0.151,0.1162722245979034,0.29374739656595594,0.2,18442.12780815208,0.7634916356217802,81789.9558138759
URY,q4,0.222,0.167918812165076,0.2743888340841671,0.2,27113.591876885836,1.0485103427183005,123543.49867465392
URY,q5,0.4679999999999999,0.3651193427520099,0.2921275234390696,0.2,57158.38287559715,2.3532693587116427,254076.11729054325
USA,q1,0.0599400599400599,0.371099870636976,0.5908887580667038,0.2,19367.570118804557,0.44190781446195276,44398.98909434918
USA,q2,0.1058941058941059,0.4950033656697433,0.4196604222598309,0.2,34216.040543221425,0.5544706752734567,111267.53646523882
USA,q3,0.1528471528471528,0.7293713104405224,0.5005924499827579,0.2,49387.30380295165,0.9546637448157537,138206.0174349582
USA,q4,0.2207792207792208,0.7886766811834918,0.45602665407268667,0.2,71337.21660426352,1.2561954169974485,217445.4436560177
USA,q5,0.4605394605394606,0.8621506968763822,0.31199461163724107,0.2,148807.49707948184,1.7927623484513884,573684.5882138555
VNM,q1,0.066,0.050754173839449,0.0522165502219905,0.2,3760.855330648582,0.12811887758043178,11175.445926625918
VNM,q2,0.115,0.1670459641528535,0.09033125501840975,0.2,6553.005500372527,0.3861863312440839,18689.294981669285
VNM,q3,0.159,0.1600037971173552,0.12325030429026172,0.2,9060.24238747158,0.7285278158841467,24904.885726600754
VNM,q4,0.221,0.2492990768681757,0.16240848915396508,0.2,12593.167092020249,1.334326199950297,33070.16379296016
VNM,q5,0.439,0.3657455235985289,0.1484565419250934,0.2,25015.386214465558,2.422840775341041,66785.64771724002
ZAF,q1,0.0239760239760239,0.1635867744638212,0.7187426107194389,0.2,1615.8346281666604,0.21700884562320263,2888.4181829482927
ZAF,q2,0.0479520479520479,0.3105772775293047,0.8548549590745602,0.2,3231.6692563333277,0.5162100731953265,2981.1808781003338
ZAF,q3,0.0819180819180818,0.3370796326998552,0.6688725486527639,0.2,5520.768312902765,0.6900014874335725,11618.603368204998
ZAF,q4,0.1648351648351648,0.4605145854999934,0.5218862195358652,0.2,11108.863068645824,1.0833095602910732,33756.708459233225
ZAF,q5,0.6813186813186813,0.5858924852572814,0.29062098899098554,0.2,45916.63401706941,2.493470033456825,207017.755924964
ZMB,q1,0.031,0.0590803031692901,0.012965061216971812,0.2,521.7104358703671,0.09844828167156129,2628.899878655461
ZMB,q2,0.063,0.0370098539969965,0.01276738392576715,0.2,1060.2502406397782,0.19702182717565433,5343.672962891973
ZMB,q3,0.109,0.0223295309946705,0.009584022264384949,0.2,1834.401209995807,0.25588580036270336,9275.214509789224
ZMB,q4,0.1939999999999999,0.0884788399196276,0.014876424395352961,0.2,3264.8975664145537,0.7069230851464475,16419.96658757995
ZMB,q5,0.603,0.2004314577481042,0.025332742876415223,0.2,10148.109446123593,3.741721005643633,50495.59748976923
ZWE,q1,0.06,0.0318530275188963,0.08150870371243263,0.2,662.3871098380499,0.1997286371884891,1002.3280010478426
ZWE,q2,0.091,0.0,0.0995310507372975,0.2,1004.6204499210423,0.3699006403980429,1490.3686321744137
ZWE,q3,0.132,0.0329091068605584,0.11648317438575324,0.2,1457.2516416437097,0.627945902152721,2121.154599980188
ZWE,q4,0.206,0.045546713770367,0.12163266698210941,0.2,2274.1957437773044,1.0232990048374222,3290.993037341091
ZWE,q5,0.511,0.0939935820303088,0.1331687141475183,0.2,5641.3302187873915,2.7791258154233245,8056.363349360406
