country,income_cat,n,c,axfin,gamma_SP,k,fa,shew
Albania,nonpoor,0.8,17749.404056525706,0.125,1.1031465654089851,110394.99789900928,0.01963888486382434,0.0
Albania,poor,0.2,6510.69843121467,0.0538,0.5874137383640594,36800.92879066238,0.01885644043559076,0.0
Algeria,nonpoor,0.8,12669.710457831534,0.2046,1.0434668433871528,58269.01866673594,0.024011959195083334,0.6000000000000001
Algeria,poor,0.2,5258.06968227887,0.0939,0.8261326264513889,21206.804895032896,0.02461891094125573,0.6000000000000001
Angola,nonpoor,0.8,7102.104101316321,0.2231,1.2080178779940998,41292.52080569887,0.0025014485044538804,0.0
Angola,poor,0.2,1122.1619785863625,0.0364,0.16792848802360055,6656.5806687830645,0.011066076712731491,0.0
Antigua and Barbuda,nonpoor,0.8,26546.151412678297,0.153,1.2236108957535194,166614.97015604118,0.27689996064519057,0.4
Antigua and Barbuda,poor,0.2,1105.083801356316,0.153,0.10555641698592248,5899.042503899127,0.2915291540446065,0.4
Argentina,nonpoor,0.8,21455.93656542055,0.1505,1.1572961474283086,70143.91717020457,0.007588824149980032,0.8
Argentina,poor,0.2,4612.23504672897,0.052,0.3708154102867646,13606.149299862618,0.007962351575205308,0.8
Armenia,nonpoor,0.8,18167.372137944785,0.0704,0.9874456307748992,41186.22103561279,0.04725190168374419,0.4
Armenia,poor,0.2,7539.659960118364,0.0343,1.0502174769004027,6029.845098225087,0.04710384521107197,0.4
Australia,nonpoor,0.8,59093.40692892496,0.7709,0.9182778183098946,265854.5652286654,0.004856707049933093,1.0
Australia,poor,0.2,18614.104447946156,0.5726,1.3268887267604215,40434.14442609963,0.005230268320622847,1.0
Austria,nonpoor,0.8,64792.9352156052,0.6614,1.1274635775032424,361528.99434257334,0.021231532291325593,1.0
Austria,poor,0.2,22230.80079058767,0.6746,0.4901456899870294,101196.84348684513,0.022845595601068552,1.0
Azerbaijan,nonpoor,0.8,16775.11260632446,0.0672,1.0169760385727176,27418.577378578128,0.02267062348938484,0.0
Azerbaijan,poor,0.2,8124.269782435163,0.0081999999999999,0.9320958457091292,13097.047802596691,0.023041525090412254,0.0
Bangladesh,nonpoor,0.8,7155.482811159093,0.0729,1.1036028785356675,25869.167855394753,0.057157860897259154,0.8
Bangladesh,poor,0.2,2693.0919989482795,0.0409,0.5855884858573296,9569.281663675512,0.05703907639563033,0.8
Belarus,nonpoor,0.8,21452.058172487254,0.2802,1.0715746725327016,61053.82131714456,0.014323570374974594,0.8
Belarus,poor,0.2,9853.119249793477,0.1344,0.7137013098691926,18971.744079535398,0.015065419198939362,0.8
Belgium,nonpoor,0.8,60199.06921931379,0.6414,1.0703484085640385,368323.0801913183,0.00623048711507417,0.0
Belgium,poor,0.2,24983.27817490285,0.4615999999999999,0.7186063657438463,89243.57699956404,0.006501380865777588,0.0
Belize,nonpoor,0.8,11733.286748179482,0.2879,1.1125850843310305,48196.180224332806,0.2165896816297386,0.0
Belize,poor,0.2,1556.5182544335628,0.1201,0.5496596626758772,4177.49289428193,0.23019079210505397,0.0
Benin,nonpoor,0.8,3993.387249230042,0.0506,1.19305846741153,8718.953241400919,0.0076876789743065286,0.4
Benin,poor,0.2,1202.3101395531312,0.0528,0.22776613035388008,2702.4145475011524,0.017189550866231324,0.4
Bhutan,nonpoor,0.8,12434.956648953575,0.2697,1.10628594057953,80347.45223890504,0.030320092364825028,0.6000000000000001
Bhutan,poor,0.2,4799.456952227696,0.1594,0.5748562376818802,30810.941760178604,0.028334196940398074,0.6000000000000001
Bolivia,nonpoor,0.8,9708.151321905165,0.2623999999999999,1.1594237668107177,20304.17484737699,0.018031582211844567,0.6000000000000001
Bolivia,poor,0.2,2173.3137066989384,0.1059,0.3623049327571291,3790.6624192185955,0.01861147269382576,0.6000000000000001
Bosnia and Herzegovina,nonpoor,0.8,19313.371490932994,0.2448999999999999,1.1095923354215127,53509.142603486136,0.015792957499217122,0.0
Bosnia and Herzegovina,poor,0.2,6263.796159221511,0.0989,0.5616306583139485,15504.302617572353,0.016028826174750464,0.0
Botswana,nonpoor,0.8,18641.033381533904,0.223,1.1423282788570404,87037.63097606543,0.004730614342352377,0.8
Botswana,poor,0.2,3026.0158246818823,0.0971,0.43068688457183907,11312.821011348207,0.0049920822955328336,0.8
Brazil,nonpoor,0.8,18244.225960253647,0.2587,1.1933872582578582,75519.88868190172,0.00220980780608254,0.2
Brazil,poor,0.2,2490.421744315907,0.1823999999999999,0.22645096696856717,9299.28522805377,0.002453449345485593,0.2
Bulgaria,nonpoor,0.8,31483.520629699975,0.3201,1.1296852815042857,93193.42852910761,0.00795875312856,0.8
Bulgaria,poor,0.2,8181.021335087106,0.0975,0.4812588739828565,13699.61848078159,0.007557874282080496,0.8
Burkina Faso,nonpoor,0.8,2525.362024879595,0.0913,1.219603362961793,4892.311979161674,0.0031931741804776597,0.6000000000000001
Burkina Faso,poor,0.2,679.1795413763692,0.051,0.12158654815282775,1418.0398859637644,0.00207927621054359,0.6000000000000001
Burundi,nonpoor,0.8,824.142516731331,0.0559,1.154645390796324,1563.9896621029634,0.023997810386982264,0.6000000000000001
Burundi,poor,0.2,244.32151946063092,0.0161,0.38141843681470444,458.0006304901244,0.024515510914398117,0.6000000000000001
Cameroon,nonpoor,0.8,4456.546559115898,0.1069,1.2027776029267931,11048.612905505563,0.01768913796556216,0.8
Cameroon,poor,0.2,839.9773619276039,0.0549,0.18888958829282632,2084.689301805316,0.02496715956415209,0.8
Canada,nonpoor,0.8,56542.8001802657,0.7209,0.9119312413995353,267513.9596612191,0.00929926219461125,0.8
Canada,poor,0.2,18602.826033334168,0.5163,1.3522750344018586,37763.82505154146,0.01014945058079485,0.8
Central African Republic,nonpoor,0.8,966.6469648310699,0.0862,1.25,6031.002863366655,0.008844563721965747,0.0
Central African Republic,poor,0.2,229.3738560616094,0.0141999999999999,0.0,1534.418703881182,0.010503547810584156,0.0
Chad,nonpoor,0.8,1640.4638718363744,0.0909,1.1730769659143931,2960.7353285267295,0.007183639055310214,0.0
Chad,poor,0.2,501.4981050608507,0.0542,0.3076921363424271,909.1065225270474,0.007975668512864891,0.0
Chile,nonpoor,0.8,30577.980851522094,0.3354999999999999,1.1648780428017327,137475.29843907672,0.08254404263515187,0.8
Chile,poor,0.2,7118.683372841122,0.2736,0.34048782879306905,30206.915703690225,0.08383868540530193,0.8
China,nonpoor,0.8,21098.05533498229,0.5178,1.117640699115735,105681.68245981856,0.014269628086576077,0.8
China,poor,0.2,6547.6723453393315,0.3406,0.5294372035370595,26872.728555739104,0.014574898221570145,0.8
Colombia,nonpoor,0.8,18860.156379795524,0.1699,1.1936511859075873,55307.85661996449,0.059815878838594336,0.8
Colombia,poor,0.2,2817.2847704258875,0.03,0.22539525636965085,7951.35485849628,0.06486343542923487,0.8
Comoros,nonpoor,0.8,3874.6363822959293,0.1317,1.1747780123890816,15800.662383414046,0.00888857055781405,0.6000000000000001
Comoros,poor,0.2,730.2979568725312,0.0815,0.3008879504436735,2948.5475876412797,0.009070667471329313,0.6000000000000001
"Congo, Dem. Rep.",nonpoor,0.8,1337.9478123889237,0.0729,1.2023387269946268,4076.5438825523593,0.015355498673064813,0.4
"Congo, Dem. Rep.",poor,0.2,311.47991399530497,0.0069,0.19064509202149196,974.8106893638326,0.029402558800844473,0.4
"Congo, Rep.",nonpoor,0.8,3844.458272049336,0.0719,1.1858645460125887,21680.44469822125,0.03888624632768384,0.0
"Congo, Rep.",poor,0.2,674.1847491694035,0.0281,0.2565418159496445,3658.124791205983,0.043129746945185274,0.0
Costa Rica,nonpoor,0.8,26247.311763133937,0.2788,1.1700715800824544,61023.47983098625,0.021312934889091972,1.0
Costa Rica,poor,0.2,4947.137295669224,0.1273,0.3197136796701834,10024.14387140617,0.021312934889091972,1.0
Cote d'Ivoire,nonpoor,0.8,6437.192343329167,0.0771,1.1466162381452394,12246.409430599968,0.006455175124759332,0.4
Cote d'Ivoire,poor,0.2,1938.0794151958785,0.0313,0.4135350474190417,3609.520255061132,0.006306487272730543,0.4
Croatia,nonpoor,0.8,39171.80492359257,0.3087999999999999,1.0645288034775708,198568.95733245433,0.012363820345966224,0.8
Croatia,poor,0.2,13440.054675195714,0.1675,0.7418847860897159,42080.16165224148,0.012850915004392685,0.8
Cyprus,nonpoor,0.8,49890.51796875,0.369,1.1026962419588187,350144.13691323996,0.023258683982928987,0.0
Cyprus,poor,0.2,18538.553125,0.1488,0.5892150321647249,101586.02769772938,0.02326285802303101,0.0
Denmark,nonpoor,0.8,67615.04011489263,0.7791,1.0428507107699565,335102.72277703916,0.00036154901313094074,0.8
Denmark,poor,0.2,28060.987950551465,0.5135000000000001,0.8285971569201744,69524.52584069759,0.0004014114653706383,0.8
Dominica,nonpoor,0.8,13822.89433403857,0.44,0.9791213290889269,48538.08212157152,0.33210521196538423,0.0
Dominica,poor,0.2,2184.0747804302105,0.44,1.0835146836442924,3499.909456147422,0.3468774189437159,0.0
Dominican Republic,nonpoor,0.8,22601.30516245668,0.171,1.108709194026354,91772.17292063557,0.09112789387933279,0.8
Dominican Republic,poor,0.2,6284.85491148528,0.0542,0.5651632238945837,21810.421246434773,0.0903646001049498,0.8
Ecuador,nonpoor,0.8,12936.043238931696,0.1769,1.156761297007287,71975.01010436831,0.02124665898327841,0.6000000000000001
Ecuador,poor,0.2,2551.9161898417196,0.0617,0.3729548119708521,12734.389808019756,0.022617082233824436,0.6000000000000001
"Egypt, Arab Rep.",nonpoor,0.8,14538.114349461202,0.0526,1.154174928928081,19578.481528345954,0.007606488776464561,0.6000000000000001
"Egypt, Arab Rep.",poor,0.2,5751.341940446189,0.0098,0.38330028428767554,7913.7234998171,0.01284863483477871,0.6000000000000001
El Salvador,nonpoor,0.8,11089.085156434287,0.1132,1.1591968808082938,37035.881214799454,0.01923097255085012,0.6000000000000001
El Salvador,poor,0.2,2631.308342204741,0.0243999999999999,0.3632124767668247,7380.9720043676025,0.0198244318871671,0.6000000000000001
Estonia,nonpoor,0.8,43452.6306119584,0.6831,1.105252264241716,198232.7395105243,0.016054063254850252,0.0
Estonia,poor,0.2,15319.534622714385,0.5195000000000001,0.5789909430331358,51686.93152942832,0.01665699108922345,0.0
Ethiopia,nonpoor,0.8,2759.1758525633377,0.2883,1.1433839270116537,5710.43308806513,0.010546748198516502,0.8
Ethiopia,poor,0.2,869.1255112712994,0.133,0.4264642919533843,1785.0158617343764,0.006934542088389626,0.8
Fiji,nonpoor,0.8,13697.520367451823,0.6,1.131581067475819,29721.557278546217,0.11634146993580462,1.0
Fiji,poor,0.2,5024.417951379708,0.6,0.47367573009672287,10580.822407525831,0.11297723953756832,1.0
France,nonpoor,0.8,52922.61520039565,0.5637,1.1212938521365172,304231.4014693856,0.015957223075173235,1.0
France,poor,0.2,18407.86615665936,0.4968999999999999,0.5148245914539307,85410.27343008276,0.017374245533421907,1.0
Gabon,nonpoor,0.8,16390.257297803604,0.135,1.1555610393626357,60096.06079561897,0.02358311599165686,0.2
Gabon,poor,0.2,4184.74654412007,0.0794,0.37775584254945765,15115.590864086476,0.048823322439334876,0.2
"Gambia, The",nonpoor,0.8,2481.647136081881,0.1859,1.1838765817402472,4898.609006833988,0.004299287327021861,0.8
"Gambia, The",poor,0.2,701.4505823614741,0.1373,0.2644936730390114,1413.8817787443536,0.007710925452361777,0.8
Georgia,nonpoor,0.8,19802.356704566377,0.1047,1.0172026149863924,79906.54118276702,0.05931856577947068,0.6000000000000001
Georgia,poor,0.2,5961.999868041491,0.0375,0.9311895400544307,7403.218243389054,0.05999517901794763,0.6000000000000001
Germany,nonpoor,0.8,61661.054828269036,0.5751,1.092598548523515,292609.4096930234,0.00981675807352143,0.8
Germany,poor,0.2,21156.235967136825,0.5658,0.6296058059059398,57991.60033753009,0.010510568971947229,0.8
Ghana,nonpoor,0.8,6556.1264088474345,0.289,1.1476507178831328,16364.161643278729,0.0037714805889522093,0.8
Ghana,poor,0.2,1293.338682962558,0.0925,0.4093971284674684,3063.9023763467817,0.004516518566334915,0.8
Greece,nonpoor,0.8,36756.27773092082,0.3379999999999999,1.1841348637825326,290424.06374972366,0.06193571684386235,1.0
Greece,poor,0.2,10558.07334607372,0.1547,0.2634605448698691,101969.17373021942,0.06207053960463203,1.0
Guatemala,nonpoor,0.8,10937.200515090813,0.1278,1.1616819446160662,33788.30068411624,0.056862149799847835,0.4
Guatemala,poor,0.2,2061.4618771898918,0.0669,0.3532722215357338,5696.82683146333,0.06214476117586902,0.4
Guinea,nonpoor,0.8,3087.1286276583996,0.0662,1.1544128182490372,5792.18843295558,0.008079835219474338,0.6000000000000001
Guinea,poor,0.2,1147.1297632829026,0.0231,0.38234872700385053,2169.5645223602446,0.009834770211986761,0.6000000000000001
Guinea-Bissau,nonpoor,0.8,2138.016548573296,0.0002,1.1731634681417205,3491.9703133195853,0.004180031254303429,0.2
Guinea-Bissau,poor,0.2,723.4936693653668,0.0002,0.30734612743311823,1208.434533308075,0.004473700172259851,0.2
Guyana,nonpoor,0.8,41088.9555844366,0.68,1.141245716431965,108578.98021745538,0.04329953279665416,0.0
Guyana,poor,0.2,7744.51518868962,0.68,0.4350171342721406,17571.054210402504,0.06802424102284672,0.0
Haiti,nonpoor,0.8,3306.451713097286,0.1506,1.0126011519825773,29019.125810176105,0.20967863189029678,0.6000000000000001
Haiti,poor,0.2,769.7559543718548,0.0779,0.9495953920696907,6335.12823873156,0.22277297257648243,0.6000000000000001
Honduras,nonpoor,0.8,6879.4946707570525,0.1408,1.1823398888242542,28444.16847123989,0.050574715277649646,0.4
Honduras,poor,0.2,1027.6423574574849,0.052,0.2706404447029827,3892.2752741808176,0.05211412669320874,0.4
Hungary,nonpoor,0.8,40498.610669946625,0.4143,1.0841652829904784,207099.02361836124,0.031518086632072735,1.0
Hungary,poor,0.2,14278.07383793548,0.1755999999999999,0.6633388680380862,13495.720166622012,0.03889313585445866,1.0
Iceland,nonpoor,0.8,62118.798071968245,0.8145,1.1002227707171377,299903.80513833975,0.012834360084404086,0.0
Iceland,poor,0.2,26691.13361231855,0.6725,0.5991089171314488,117650.39479457369,0.012834360084404086,0.0
India,nonpoor,0.8,8151.919309826186,0.1643,1.0783414897421337,30658.96559157254,0.0047728644325658615,0.8
India,poor,0.2,2874.0172539539544,0.0722,0.6866340410314646,9715.300698430277,0.005100755407046759,0.8
Indonesia,nonpoor,0.8,14379.80807317563,0.2536,1.0813991398290155,82419.16286340925,0.02046064035097649,0.8
Indonesia,poor,0.2,4529.561982057479,0.1084,0.6744034406839372,22591.46569435261,0.020127889418401965,0.8
"Iran, Islamic Rep.",nonpoor,0.8,17986.903806529644,0.2685,1.1007155261505215,108558.79408342612,0.014086273323945357,0.4
"Iran, Islamic Rep.",poor,0.2,4592.40097187991,0.1926999999999999,0.5971378953979142,23097.521032736957,0.01449608127099204,0.4
Iraq,nonpoor,0.8,10486.883590808,0.0273,1.1249677755919871,25789.067895713517,0.01612713502408465,0.6000000000000001
Iraq,poor,0.2,4047.5691052241405,0.0045,0.500128897632052,9762.137564933173,0.019310382573519705,0.6000000000000001
Ireland,nonpoor,0.8,129528.01856266658,0.6589,1.0766297662838273,497460.05142446375,0.008708794009962322,0.0
Ireland,poor,0.2,51241.85349731865,0.598,0.6934809348646898,81146.15997768055,0.00961426281687619,0.0
Israel,nonpoor,0.8,52462.62006720447,0.6463,1.0780815424382257,187841.81478974165,0.006026560614601148,0.0
Israel,poor,0.2,11510.785837530095,0.5141,0.6876738302470965,25821.517048465357,0.006033022002165347,0.0
Italy,nonpoor,0.8,51286.975296006676,0.5079,1.1679513705073246,358239.0798878504,0.013674794639191004,1.0
Italy,poor,0.2,13793.295383771274,0.4597,0.32819451797070104,93296.96593755657,0.013916870195247328,1.0
Jamaica,nonpoor,0.8,11851.535395368397,0.3231,1.1764089778612874,68285.8190379979,0.10859844576201595,0.8
Jamaica,poor,0.2,2653.142031486906,0.1162,0.2943640885548507,14864.753964394427,0.11016309537385857,0.8
Japan,nonpoor,0.8,48043.4941246572,0.6955,0.9884751499569766,236844.55356762616,0.028271416051328893,0.8
Japan,poor,0.2,16031.848526971196,0.5523,1.0460994001720936,40884.71880440452,0.029285948816963343,0.8
Jordan,nonpoor,0.8,10693.198792491035,0.0552,1.1269726800879354,34673.57758659946,0.006521683723417731,0.6000000000000001
Jordan,poor,0.2,3820.6636208464647,0.0171,0.4921092796482585,11689.841577691483,0.006549799454541795,0.6000000000000001
Kazakhstan,nonpoor,0.8,29420.18964575728,0.2138,1.1192265949731923,59028.73650424652,0.02508358232958911,0.8
Kazakhstan,poor,0.2,12785.714347158375,0.1568,0.5230936201072315,25232.841184542598,0.0272879612560419,0.8
Kenya,nonpoor,0.8,5662.576805972189,0.2854,1.1287454926325908,12828.757401958686,0.005205179255997577,0.4
Kenya,poor,0.2,1757.351422543093,0.1081,0.4850180294696363,3896.199757635071,0.008522003916715655,0.4
Kiribati,nonpoor,0.8,2265.5749838770416,0.0,1.1274128480122105,7981.407385692162,0.0014654250203359057,0.0
Kiribati,poor,0.2,951.2911534511335,0.0,0.49034860795115737,3339.7548782481276,0.0014654250203359057,0.0
"Korea, Rep.",nonpoor,0.8,52571.660607374855,0.7173999999999999,1.0171880370629576,265910.48704227695,0.03210337952980486,1.0
"Korea, Rep.",poor,0.2,17050.268305094545,0.4099,0.931247851748169,57364.162431124474,0.035438387229147154,1.0
Kyrgyz Republic,nonpoor,0.8,5881.874160086071,0.0741,1.0696863588075796,12368.98443969554,0.06667653564512722,0.8
Kyrgyz Republic,poor,0.2,2441.042697784065,0.046,0.7212545647696823,4020.0028268309106,0.06683950611784778,0.8
Lao PDR,nonpoor,0.8,9239.153351692035,0.2254,1.2009618972180909,31748.715933803815,0.05910852446025012,0.6000000000000001
Lao PDR,poor,0.2,2781.6805790040544,0.0881,0.19615241112763715,11713.213844721446,0.05048113184541485,0.6000000000000001
Latvia,nonpoor,0.8,38093.571404613926,0.4997,1.0431031621014974,293727.7174682966,0.04978161816380708,0.0
Latvia,poor,0.2,11293.045872903806,0.3222,0.8275873515940109,43406.055762881064,0.040232780686689756,0.0
Lebanon,nonpoor,0.8,14951.183398423336,0.0375999999999999,1.1321144796189861,84197.75244584025,0.012295227867150744,0.6000000000000001
Lebanon,poor,0.2,5129.830568840146,0.0083,0.47154208152405497,28255.471024462888,0.012362797420524275,0.6000000000000001
Lesotho,nonpoor,0.8,2721.3412681739733,0.1894,1.0792612605956091,12711.642178771359,0.01215876541961297,0.4
Lesotho,poor,0.2,524.8708525618565,0.1278,0.6829549576175632,1696.8240596353185,0.011532663786190655,0.4
Liberia,nonpoor,0.8,1694.6712714472628,0.1476,1.1803836927819704,6451.757201114913,0.01074397879881371,0.0
Liberia,poor,0.2,525.9324635525987,0.0951999999999999,0.2784652288721182,2041.0446203382887,0.010774936689128836,0.0
Lithuania,nonpoor,0.8,45977.13794658611,0.5334,1.0443412792878413,186515.36578871944,0.018348231792963774,0.0
Lithuania,poor,0.2,14055.443677966043,0.3712,0.8226348828486343,15733.962035293855,0.020371209278633264,0.0
Luxembourg,nonpoor,0.8,134172.88601935058,0.6715000000000001,1.1451787945361849,570507.3604625835,0.0047328705099127216,0.0
Luxembourg,poor,0.2,41017.33006404259,0.5312,0.41928482185526006,153133.16287163828,0.005082099602809835,0.0
Madagascar,nonpoor,0.8,1771.0509703882958,0.0526,1.25,3904.4763793956427,0.03688258506051302,0.4
Madagascar,poor,0.2,428.2074456506166,0.009,0.0,1017.1676900750793,0.033226010723277,0.4
Malawi,nonpoor,0.8,1707.0809219024727,0.0844999999999999,1.1644294953864243,1758.5352738540378,0.024350116682349907,0.8
Malawi,poor,0.2,506.0733989743099,0.0418,0.3422820184543038,521.5941926889168,0.024518443929987303,0.8
Malaysia,nonpoor,0.8,33376.745916182896,0.5558,1.101615712261382,134686.8982783423,0.01966429624775184,1.0
Malaysia,poor,0.2,8069.881303170413,0.3386,0.5935371509544717,28712.657748278372,0.021642245946048976,1.0
Maldives,nonpoor,0.8,23890.405574979948,0.3493,0.9213911655967204,134027.36395986658,0.0006266171021001778,0.4
Maldives,poor,0.2,9335.877480453197,0.2764,1.3144353376131181,48791.05818688879,0.0006266171021001778,0.4
Mali,nonpoor,0.8,2464.8999079714545,0.1402999999999999,1.204605175511825,3617.759180285307,0.043336052450396935,0.6000000000000001
Mali,poor,0.2,799.426997179931,0.0695,0.1815792979526999,1208.4717921732888,0.024086553070380063,0.6000000000000001
Malta,nonpoor,0.8,55475.56098507234,0.5566,1.1015435827688953,197620.97454975848,0.010780463121445429,0.0
Malta,poor,0.2,19295.847299155597,0.305,0.5938256689244187,47718.901239649225,0.010780463121445429,0.0
Marshall Islands,nonpoor,0.8,7100.788477527094,0.05,1.1422077828051258,31137.13200353127,0.004020319860323022,0.4
Marshall Islands,poor,0.2,2203.6929757842704,0.05,0.4311688687794967,9422.01321212501,0.004020319860323022,0.4
Mauritania,nonpoor,0.8,6290.774232943519,0.106,1.1747092302200512,28452.298245620892,0.037017260787040075,0.6000000000000001
Mauritania,poor,0.2,2040.251102576276,0.078,0.3011630791197943,9413.470070264679,0.0409381592956062,0.6000000000000001
Mauritius,nonpoor,0.8,26432.895080900184,0.3261,1.1358094046113092,82755.15291437935,0.022418060048886104,0.8
Mauritius,poor,0.2,8203.312266486262,0.2322,0.45676238155476306,23321.520063742984,0.02299329572790914,0.8
Mexico,nonpoor,0.8,23212.455216121918,0.1626,1.1643135600795274,100829.95150924477,0.005783104369089077,0.8
Mexico,poor,0.2,4886.8326770783,0.049,0.34274575968188964,20020.433778000668,0.005542042102289926,0.8
Moldova,nonpoor,0.8,14502.431295315335,0.1075,1.0823260061390156,36728.73126919969,0.02609938479353701,0.6000000000000001
Moldova,poor,0.2,6517.2216277056605,0.0398,0.6706959754439368,11396.3315587317,0.020397288182363724,0.6000000000000001
Mongolia,nonpoor,0.8,13874.603784125564,0.3469,1.1043698716369323,61350.51824741054,0.02739040017181584,0.6000000000000001
Mongolia,poor,0.2,4760.450375443733,0.1802,0.5825205134522697,17572.57247225111,0.030060959853152446,0.6000000000000001
Montenegro,nonpoor,0.8,26138.73320855743,0.1421,1.1612735795045832,82947.89576050364,0.00853456519851903,0.0
Montenegro,poor,0.2,5851.543231482762,0.0393,0.35490568198166667,15558.63797013351,0.009884574731595479,0.0
Morocco,nonpoor,0.8,9401.74544494629,0.0947,1.0847356530743526,47331.63161836102,0.013417222670125373,0.8
Morocco,poor,0.2,2700.608552246094,0.0416,0.6610573877025891,11406.844068484448,0.01530285165450671,0.8
Mozambique,nonpoor,0.8,1485.4729971651682,0.1414,1.1840769047835953,4512.091182678669,0.022301203553075712,0.8
Mozambique,poor,0.2,273.47620031492636,0.0598,0.2636923808656181,815.6553092332674,0.02537700899823406,0.8
Myanmar,nonpoor,0.8,4696.758035481849,0.1175,1.0806427022151261,14000.566409630885,0.0758056231346506,0.4
Myanmar,poor,0.2,1835.3961148535,0.0496,0.6774291911394943,4300.126646590097,0.0833570179113201,0.4
Namibia,nonpoor,0.8,11530.666828688943,0.437,1.1043838943781732,37163.20184180955,0.01097807821812304,0.8
Namibia,poor,0.2,1328.6365070094207,0.1873,0.5824644224873077,3291.333141051874,0.015683779919864842,0.8
Nepal,nonpoor,0.8,4586.9485733208485,0.2037,1.1785376313283724,14600.598187895625,0.024639969676351733,0.4
Nepal,poor,0.2,1660.7054812895547,0.0969999999999999,0.28584947468650906,6006.555585797719,0.028782226837742956,0.4
Netherlands,nonpoor,0.8,66493.54800208868,0.7406,1.102457122598573,312744.93621188373,0.02118717880461088,1.0
Netherlands,poor,0.2,26948.926943577786,0.5321,0.5901715096057077,106585.4495172373,0.023223498051827527,1.0
Nicaragua,nonpoor,0.8,6906.785357969763,0.0806,1.0752812789700958,26421.70081548216,0.02425566094929991,0.6000000000000001
Nicaragua,poor,0.2,1484.7041233148911,0.0312,0.6988748841196164,4127.191740425761,0.025060654033372723,0.6000000000000001
Niger,nonpoor,0.8,1472.4054813298446,0.0341,1.1303636256762677,6331.9316915105,0.029773038059584762,0.6000000000000001
Niger,poor,0.2,484.4277774072215,0.0115,0.478545497294929,2053.567725780576,0.01654811227001977,0.6000000000000001
Nigeria,nonpoor,0.8,5763.4699133314225,0.2414,1.2123501938082675,17304.5133585824,0.0055861139237232205,0.8
Nigeria,poor,0.2,1761.921911072254,0.0805,0.15059922476692927,5501.83953453296,0.00538740074264204,0.8
Norway,nonpoor,0.8,76907.10914828256,0.8344,1.0961266527868916,329211.22112045175,0.00154904951583788,0.8
Norway,poor,0.2,29683.445636179233,0.7709,0.615493388852433,102010.2759589494,0.00154904951583788,0.8
Pakistan,nonpoor,0.8,6160.44161176961,0.0311,1.1781678991479483,9363.95739070913,0.01305008765184019,0.6000000000000001
Pakistan,poor,0.2,2616.8247554419586,0.0127,0.28732840340820676,4337.0245906519895,0.013869882119268387,0.6000000000000001
Panama,nonpoor,0.8,40044.52151405999,0.192,1.1423009842808707,162355.56016159977,0.006025457224690754,0.6000000000000001
Panama,poor,0.2,6154.298218152521,0.0894,0.43079606287651717,19463.713738311937,0.0077949759657516115,0.6000000000000001
Papua New Guinea,nonpoor,0.8,4467.29836845928,0.1438,1.0656890315649514,13740.025288549385,0.015456787365796,0.6000000000000001
Papua New Guinea,poor,0.2,960.3043911124269,0.1438,0.7372438737401944,2944.5300120439547,0.01647799051705444,0.6000000000000001
Paraguay,nonpoor,0.8,16068.533537729192,0.0526,1.1625425957758473,50376.41188123257,0.011143852599197661,0.8
Paraguay,poor,0.2,3382.849165837725,0.0295,0.34982961689661035,9664.879949315962,0.01237251393104553,0.8
Peru,nonpoor,0.8,15005.992165963813,0.2108,1.1491803780695597,54277.55789048094,0.07222790426791764,0.6000000000000001
Peru,poor,0.2,3695.7432935282363,0.0482,0.40327848772176095,12578.353066919784,0.06982488564238559,0.6000000000000001
Philippines,nonpoor,0.8,10030.139678719566,0.2747,1.1770060105359261,28954.02997297984,0.1032691991213691,0.6000000000000001
Philippines,poor,0.2,2789.129750232179,0.0650999999999999,0.2919759578562946,8223.640012978341,0.10257292951970805,0.6000000000000001
Poland,nonpoor,0.8,42041.934032055084,0.4049,1.1216227944674846,101526.40999837146,0.01840666282955705,1.0
Poland,poor,0.2,15823.222436572152,0.3035,0.5135088221300617,30319.80570513907,0.01748324144341332,1.0
Portugal,nonpoor,0.8,41599.86307822163,0.5069,1.1444383943250946,337056.14668709505,0.010535672850110258,0.8
Portugal,poor,0.2,12332.505058634984,0.3067,0.4222464226996216,79534.90293445488,0.011356817652849302,0.8
Romania,nonpoor,0.8,38631.05963584602,0.2371,1.155754800041555,123220.45065478375,0.013808123951590177,0.8
Romania,poor,0.2,9166.692116980395,0.1117,0.3769807998337798,21636.660882362536,0.01468383576711118,0.8
Russian Federation,nonpoor,0.8,31894.19873046875,0.248,1.1094996706637437,138612.89342375466,0.01425023680790221,0.0
Russian Federation,poor,0.2,10344.064453124998,0.076,0.5620013173450256,38877.74290787627,0.014623016234235793,0.0
Rwanda,nonpoor,0.8,2778.8031203070213,0.264,1.151944879816732,4754.558098856328,0.019936584435183476,0.8
Rwanda,poor,0.2,709.481647737963,0.077,0.39222048073307164,1188.8817597551272,0.013295284067097731,0.8
Senegal,nonpoor,0.8,4139.424423811086,0.0978,1.2022081672181504,11863.712905258239,0.0032990834563559144,0.6000000000000001
Senegal,poor,0.2,1265.4429885493523,0.073,0.1911673311273979,4110.605341894557,0.0026205140824137013,0.6000000000000001
Serbia,nonpoor,0.8,23930.03582104036,0.237,1.1268415615956235,106640.78519197924,0.02953718106371957,0.4
Serbia,poor,0.2,6763.950167831538,0.1177999999999999,0.4926337536175055,22910.284222545684,0.0321530121112429,0.4
Seychelles,nonpoor,0.8,34683.07722747572,0.94,1.0569028541160428,196581.97726553556,0.0,0.8
Seychelles,poor,0.2,10442.216799670112,0.94,0.7723885835358283,45819.832026000084,0.0,0.8
Sierra Leone,nonpoor,0.8,1882.807755246848,0.0525,1.1979837780880738,1989.5134035340382,0.006766762340827433,0.8
Sierra Leone,poor,0.2,646.0013579348578,0.0432,0.20806488764770514,697.3843059701603,0.006716179443317831,0.8
Slovak Republic,nonpoor,0.8,37526.080432057126,0.6842,1.1200651262550692,172929.55180420907,0.013708031094732252,0.8
Slovak Republic,poor,0.2,15756.807253239458,0.4447,0.519739494979723,67742.47112110644,0.01092678122453814,0.8
Slovenia,nonpoor,0.8,47288.946594831104,0.498,1.02978017148138,314479.6613181696,0.027460830668931117,1.0
Slovenia,poor,0.2,21720.229651137583,0.2485,0.8808793140744803,81463.89195780648,0.028388817479100086,1.0
Solomon Islands,nonpoor,0.8,2613.04992554391,0.26,1.174842908240603,8794.873278213536,0.11860765178212594,0.6000000000000001
Solomon Islands,poor,0.2,786.7247087659085,0.26,0.30062836703758794,2676.5337474223393,0.12159027079512744,0.6000000000000001
South Africa,nonpoor,0.8,16433.432382857718,0.4611,1.1192624837985476,64026.32892505982,0.004573561100240171,0.6000000000000001
South Africa,poor,0.2,1616.40318519912,0.2378,0.5229500648058084,1990.1294820185433,0.004734066586275719,0.6000000000000001
Spain,nonpoor,0.8,46805.0501915034,0.544,1.1592873950940157,283647.7344599884,0.008594080183695608,0.8
Spain,poor,0.2,11950.22558080938,0.5222,0.3628504196239373,60158.41569011437,0.009469841897398282,0.8
Sri Lanka,nonpoor,0.8,14121.659035201543,0.3853,1.147903935963916,40700.34810472648,0.004415562552910854,0.8
Sri Lanka,poor,0.2,4514.0508363063245,0.2693,0.40838425614433566,12829.915578326922,0.0038346599101195377,0.8
St. Lucia,nonpoor,0.8,18214.489068465216,0.35,1.1751414414467667,76857.65974610185,0.24637671814630271,0.6000000000000001
St. Lucia,poor,0.2,2330.8530902886346,0.35,0.2994342342129322,8535.958883540374,0.2584983485688671,0.6000000000000001
St. Vincent and the Grenadines,nonpoor,0.8,14518.008060740487,0.206,0.7916195193668786,103938.12678888439,0.19768269274103037,0.0
St. Vincent and the Grenadines,poor,0.2,14791.245351720547,0.206,1.833521922532485,85620.61724510694,0.2091168967731431,0.0
Sudan,nonpoor,0.8,4115.125053710938,0.1105,1.2499999999999998,6605.2905348196655,0.008906392259367853,0.6000000000000001
Sudan,poor,0.2,1392.5368945312498,0.021,0.0,2388.2947772678467,0.006401045032650365,0.6000000000000001
Sweden,nonpoor,0.8,62904.11003809113,0.8668,1.1187355048051126,287678.0578305826,0.0014643005859840343,0.8
Sweden,poor,0.2,22475.542584415973,0.6931999999999999,0.5250579807795496,85596.44220136412,0.0016257465035592795,0.8
Switzerland,nonpoor,0.8,82093.38914745311,0.5264,1.1086408805111407,365386.9105044062,0.01855599310615352,1.0
Switzerland,poor,0.2,26624.882966741545,0.6163000000000001,0.5654364779554368,88720.70724988199,0.019846578854092738,1.0
Syrian Arab Republic,nonpoor,0.8,5752.895327102803,0.0538999999999999,1.2154444979067667,21749.79472326586,0.011525774900408445,0.6000000000000001
Syrian Arab Republic,poor,0.2,1785.3813084112146,0.0465,0.138222008372933,-6613.28311758232,0.011575027677076697,0.6000000000000001
Tajikistan,nonpoor,0.8,4788.898821446112,0.0168,1.0810478059010467,44873.99098383577,0.09339931578345191,0.6000000000000001
Tajikistan,poor,0.2,1530.7927118229472,0.0015,0.6758087763958136,10528.808378017537,0.09548094967000224,0.6000000000000001
Tanzania,nonpoor,0.8,3052.274749145508,0.089,1.1793096264764242,8989.958141810315,0.008452559370163312,0.8
Tanzania,poor,0.2,904.8634057617188,0.0232,0.2827614940943037,2691.799659799035,0.008097184544828733,0.8
Thailand,nonpoor,0.8,20220.72764514645,0.6163000000000001,1.1127633304771767,76796.44008419396,0.022992939987848855,0.8
Thailand,poor,0.2,6652.706930870692,0.3847,0.5489466780912928,21663.700881879013,0.025356374447952287,0.8
Timor-Leste,nonpoor,0.8,4630.988120021764,0.62,1.0977850571890924,35983.80686903617,0.034661929396715196,0.6000000000000001
Timor-Leste,poor,0.2,1921.9111844681934,0.62,0.6088597712436306,14618.330749793378,0.03479710427088327,0.6000000000000001
Togo,nonpoor,0.8,2600.730665087134,0.152,1.1786634407036933,6541.777755284129,0.005860358910610244,0.2
Togo,poor,0.2,640.5196542465118,0.0629,0.2853462371852257,1613.988741903059,0.006540342495568098,0.2
Tonga,nonpoor,0.8,7087.444180256235,0.008,1.0849509535854058,19964.332699096954,0.1735540276736554,0.6000000000000001
Tonga,poor,0.2,2365.0409615589597,0.008,0.660196185658377,5977.6270391692315,0.1735540276736554,0.6000000000000001
Trinidad and Tobago,nonpoor,0.8,27966.186258222824,0.4129,1.111798296254697,53017.942025544304,0.11096731579498101,0.6000000000000001
Trinidad and Tobago,poor,0.2,5763.798639970214,0.2855,0.5528068149812112,8474.71124423395,0.11146027264583425,0.6000000000000001
Tunisia,nonpoor,0.8,12190.807899919218,0.1906,1.049400769046722,30733.80807372776,0.032571267873510126,0.6000000000000001
Tunisia,poor,0.2,4125.305927087631,0.0584999999999999,0.8023969238131122,8388.128343381642,0.03569239835475941,0.6000000000000001
Uganda,nonpoor,0.8,2677.825895010094,0.193,1.177830150934461,5127.768212364334,0.011764760488439217,0.6000000000000001
Uganda,poor,0.2,695.8354828354237,0.1075,0.2886793962621553,1337.079968659036,0.015447515414953135,0.6000000000000001
Ukraine,nonpoor,0.8,12072.870483398438,0.1331,1.070232275025417,140355.24433052386,0.009110647900918561,0.0
Ukraine,poor,0.2,5365.72021484375,0.064,0.7190708998983323,42375.651137314286,0.010094948139477122,0.0
United Arab Emirates,nonpoor,0.8,84329.37973283515,0.1018,0.9700727707972812,609773.4589282282,0.04466609487219863,0.6000000000000001
United Arab Emirates,poor,0.2,34177.54597101689,0.1054,1.1197089168108747,165123.39779982215,0.04912131868436686,0.6000000000000001
United Kingdom,nonpoor,0.8,54089.90367631794,0.6131,1.100512494400318,264811.11861347326,0.006451817082870372,1.0
United Kingdom,poor,0.2,17795.812464935767,0.6048,0.5979500223987282,46985.700006906605,0.006722015662281638,1.0
United States,nonpoor,0.8,76025.99951489236,0.7934,0.8639705882352939,264715.71307225316,0.025431352345481155,0.8
United States,poor,0.2,19410.89349316401,0.4331,1.5441176470588234,27480.4247379192,0.025762487625369528,0.8
Uruguay,nonpoor,0.8,28792.924707098362,0.2166,1.1717241058187622,128564.14659099042,0.0032248693741780137,0.6000000000000001
Uruguay,poor,0.2,6961.597914335553,0.0516999999999999,0.3131035767249509,29904.42121413689,0.0035804261499916366,0.6000000000000001
Uzbekistan,nonpoor,0.8,9344.741084261143,0.0393,1.0506215431828956,27378.461241521487,0.04678506086326565,0.0
Uzbekistan,poor,0.2,2987.0878627875786,0.0070999999999999,0.7975138272684175,7018.115902472426,0.04756969005349412,0.0
Vanuatu,nonpoor,0.8,3221.201337864381,0.19,1.130140464965174,10870.37731703267,0.1633414472761123,0.6000000000000001
Vanuatu,poor,0.2,1044.7139474154749,0.19,0.47943814013930414,3408.554019320961,0.16547341915791616,0.6000000000000001
West Bank and Gaza,nonpoor,0.8,6630.841631064517,0.1013,1.1652838489057236,23161.32372381982,0.0058267700717110505,0.4
West Bank and Gaza,poor,0.2,2088.6793487279815,0.0177,0.33886460437710547,7321.742323922152,0.005853931313055891,0.4
Zambia,nonpoor,0.8,3994.875576109985,0.1038,1.2043849557829314,19978.97913033271,0.007565834805681311,0.8
Zambia,poor,0.2,511.2121480264584,0.048,0.18246017686827462,2553.8305083317614,0.012320935626814572,0.8
Zimbabwe,nonpoor,0.8,2518.304148952775,0.0575,1.1867744774599809,3637.3826546802734,0.003813665341859295,0.8
Zimbabwe,poor,0.2,642.971272073049,0.0159,0.25290209016007614,943.8233653273406,0.001986291347761944,0.8
