iso3,gdp_pc_pp,pop,urbanization_rate,prepare_scaleup,ew,finance_pre,borrowing_ability,avg_prod_k,tau_tax,reconstruction_share_sigma_h,pov_rate_2.15,rho,max_increased_spending,shareable,income_elasticity_eta,average_aid_cost_pc,dk,dw,dk_tot,dw_tot,axfin,c,dS_reco,dW_long_term,dW_reco,dc_long_term,diversified_share,dk_pub,dk_reco,fa,gamma_SP,help_fee,help_needed,help_received,income_share,k,lambda_h,liquidity,n,v_ew,dWpc_currency,dWtot_currency,risk,resilience,risk_to_assets
AGO,5906.115676770329,35588987.0,0.68081,0.5611604077563926,0.5535284709605425,0.6770833333333334,0.446875,0.1718626068564378,0.1680934469756413,0.2115175515296616,0.311220062314,0.06,0.05,0.8,1.5,0.0,2.1933270173489285,1.3312202980750708e-05,78058286.70717978,473.76781882329817,0.01045708067787829,826.8561947478463,0.0,5.1505425195952065e-06,8.161660461155501e-06,1.7293998569354279,0.022257010726927547,1.7293998569354274,392.7226102140954,0.00015860856361125947,0.07,0.0,0.0,0.0,0.028000000000000004,4811.1465889641995,9.880377242282864e-05,0.0,0.02792294050526415,0.07029832582356407,6.0423079300743945,215039618.37341455,0.001023059530283115,0.362994909020124,0.00037136540111729006
ALB,15492.067404029098,2777689.0,0.63799,0.3020250449045197,0.2189508189873339,0.7407407407407408,0.5453703703703704,0.1620221696857466,0.1874846304575463,0.226379915453316,0.000212773636,0.06,0.05,0.8,1.5,0.0,81.63002010601956,8.651096660043082e-05,226742808.91826937,240.3005603053841,0.007721463296744931,3718.096176966984,0.0,3.605388959433948e-05,5.045707700609135e-05,63.150623055966385,0.04764400114763811,63.150623055966356,1973.062413651281,0.002507943562022255,0.08,0.0,0.0,0.0,0.047999999999999994,22948.07052749936,0.002089783704116512,0.0,0.046726135596171246,0.11231394826570702,166.81505050878326,463360330.83269167,0.010767772057678942,0.4893444557733208,0.0052691495574560725
ARG,22461.44094261999,46234830.0,0.92347,0.4869371336118353,0.6375410621136512,0.5,0.3,0.3074152642375409,0.2087420721134342,0.1607878564150257,0.009588466405,0.06,0.05,0.8,1.5,0.0,43.95521194926394,1.9824781511338315e-05,2032261752.0881867,916.59540296387,0.006686560237280634,2695.372913114399,0.0,1.3472954335728307e-05,6.351827175610009e-06,36.88774764167367,0.026959603612483018,36.88774764167367,707.9588674302239,0.0011675583035037577,0.060000000000000005,0.0,0.0,0.0,0.023999999999999997,8767.856468674485,0.0020982893808488556,0.0,0.023435890113202934,0.051948312323891535,66.73671571082089,3085560705.648133,0.0029711680511195406,0.6586361267720718,0.0019569186171782996
ARM,16057.0064572714,2780469.0,0.63573,0.3740101200533297,0.3133509856523386,0.5,0.4416666666666666,0.469678089191154,0.3695482842639164,0.3118748350056252,0.005235208329,0.06,0.05,0.8,1.5,0.0,43.15586391136946,3.600909727714992e-05,119993541.77378152,100.12217869709977,0.003918496967245487,2247.980904017996,0.0,1.5832588576568428e-05,2.0176508700581494e-05,29.696635974485886,0.06361527254892675,29.696635974485893,465.72591980740697,0.004098444701877082,0.07,0.0,0.0,0.0,0.028000000000000004,4786.216252687682,0.008992566927338632,0.0,0.026096229226019996,0.0658523054666046,73.26711773093996,203716949.5702289,0.0045629375516481165,0.5890209038910394,0.00268766560107014
AUS,51090.263327821376,26005540.0,0.86488,0.6790700317264603,0.9301463158373546,0.8333333333333334,0.9166666666666669,0.2309980310138752,0.4446686830942625,0.1275865326707433,0.004970939722,0.06,0.05,0.8,1.5,0.0,34.47401566139891,4.348089494981709e-06,896515393.2431359,113.07441528532661,0.04343258742410412,16042.342684935913,0.0,2.958260020485943e-06,1.3898294744957652e-06,30.07559553592413,0.1445709431065188,30.075595535924126,3085.957203874909,0.00047978093299930256,0.0628,0.0,0.0,0.0,0.0628,69447.9628874945,0.0010600926899558862,0.0,0.06257971984648215,0.1380703023950166,50.211787950611416,1305784660.0211432,0.0009828054247523993,0.6865721590178732,0.0006747668423667326
AUT,55867.18380720709,9041851.0,0.59256,0.6743220859874698,0.8577375757241545,0.8333333333333334,0.8916666666666666,0.1818653202247265,0.4262241812069232,0.127813551756672,0.006835775451,0.06,0.05,0.8,1.5,0.0,91.36157047809117,9.530158714445527e-06,826077707.3888992,86.17027510236801,0.03367067806663484,5642.585564527916,0.0,6.671895288706553e-06,2.8582634257389736e-06,79.68432366121885,0.046208993775580895,79.68432366121883,1225.0099042124511,0.0009626854249826281,0.050499999999999996,0.0,0.0,0.0,0.0202,31026.176719978885,0.0017399791703994368,0.0,0.019784634936093424,0.041367396927768335,125.84480812639825,1137870004.2024822,0.002252571179543934,0.725986012758888,0.0016353351690926857
AZE,15094.2841004892,10141756.0,0.5717,0.4236035393738244,0.4612760789957857,0.7407407407407408,0.6203703703703705,0.6127220701287495,0.0220546563487747,0.1679504354220639,0.0,0.06,0.05,0.8,1.5,0.0,27.467305645550308,3.086297004017221e-05,278566711.83459365,313.0047115827367,0.0030511271419055956,2113.199774068488,0.0,1.3220080755719363e-05,1.7642889284452844e-05,22.85415970250922,0.0031288083255858272,22.854159702509218,168.73450207529723,0.0037887421456728985,0.07,0.0,0.0,0.0,0.028,3448.8716452215394,0.017022815052042232,0.0,0.0263107899482926,0.05224426547438647,57.234316016230714,580456467.8635039,0.003791787383568312,0.4799097387266938,0.0018197156925554424
BEL,53287.15361438369,11685814.0,0.98153,0.3576976268957179,0.6902337998079515,0.8181818181818182,0.8424242424242425,0.1700950073738132,0.4462501851080438,0.162855700732705,0.000547254789,0.06,0.05,0.8,1.5,0.0,50.704849011637066,6.1931304082678244e-06,592527434.4480746,72.37177002876186,0.02960536867715259,5541.863975895905,0.0,3.7118289476196163e-06,2.4813014606482086e-06,42.44727529530093,0.0486632070144372,42.44727529530091,1649.4588792298766,0.0005214592240692348,0.052000000000000005,0.0,0.0,0.0,0.020800000000000003,32580.991420381302,0.0007806046563055384,0.0,0.020534309619653284,0.04372054886037532,76.1805333524644,890231543.1776954,0.0014296228675254505,0.6655880023449164,0.0009515398285028757
BEN,3435.1716165758994,13352864.0,0.49534,0.6048974177043009,0.3847971666493662,0.5,0.4166666666666667,0.4570694328380306,0.0862783874508708,0.192226818707776,0.200821865179,0.06,0.05,0.8,1.5,0.0,2.4756657031100793,2.63210914656629e-05,33057227.443093266,351.4619546725574,0.005135052473987795,687.0343233151799,0.0,1.1561885243926604e-05,1.47592062217363e-05,1.9997763608172794,0.016997107024265278,1.9997763608172792,150.32726314538755,0.0006078423810498845,0.10000000000000003,0.0,0.0,0.0,0.04,1503.129008319926,0.0008256729757899781,0.0,0.03971067069015405,0.1153802799300318,5.29939818198585,70762143.2059043,0.0015426880440017636,0.46715978269486624,0.0007206818114018322
BFA,2158.8585157544,22673762.0,0.31877,0.5860386582748977,0.5325130244580834,0.8333333333333334,0.4666666666666667,0.5136741699207948,0.118263411751462,0.2855912927239073,0.312038230194,0.06,0.05,0.8,1.5,0.0,0.4001884333440834,1.0798507059866308e-05,9073777.292796612,244.8427790307284,0.007521228644658323,431.77170315087994,0.0,3.4507674328740784e-06,7.347739626992228e-06,0.28589810133219146,0.018984052718386213,0.2858981013321914,131.3733743620726,0.0001651578348703912,0.09999999999999999,0.0,0.0,0.0,0.04000000000000001,840.5556059348991,0.00016118267929436496,0.0,0.039920399457510254,0.11960548385957757,1.0831783929009078,24559729.084177673,0.0005017366284063306,0.36945754823664934,0.00018537038459152567
BGD,6263.00463511584,171186372.0,0.3971099999999999,0.7430143350200373,0.8203511395181686,0.8333333333333334,0.6083333333333334,0.2770114487863902,0.0444874497808178,0.2102081880793796,0.095763822443,0.06,0.05,0.8,1.5,0.0,18.864784758994496,7.422020507556278e-05,3229394061.453162,12705.487635981579,0.0049273452739936035,2567.831900397495,0.0,3.337140801938049e-05,4.0848797056182285e-05,14.899252536298766,0.018548959440911204,14.899252536298766,816.3844417637446,0.0020181418622417973,0.082,0.0,0.0,0.0,0.08200000000000002,9269.768132860125,0.0023264891386201646,0.0,0.0811549057250676,0.19549744046672052,36.78715902148256,6297460289.074669,0.005873723741991474,0.5128089599954715,0.003012098163431357
BGR,26961.2912585423,6465097.0,0.76363,0.4856640200425024,0.5481724147748034,0.8333333333333334,0.7250000000000001,0.3470229186386416,0.2779317433954221,0.0801391761858496,0.002478634814,0.06,0.05,0.8,1.5,0.0,40.576207853526284,1.3037270580985046e-05,262329119.66520923,84.28721892131468,0.013862251110939972,3235.354951025076,0.0,1.0043712609004624e-05,2.9935579719804217e-06,37.3244639833989,0.04084373424832191,37.324463983398886,163.16999462313117,0.002354821391175792,0.060000000000000005,0.0,0.0,0.0,0.024000000000000004,9323.173707711456,0.01281289711109152,0.0,0.022926974580440684,0.040571392061508546,57.716197548073865,373140815.6194597,0.0021407059845394948,0.7030298179246636,0.0015049801385410386
BIH,16737.226012295796,3233526.0,0.49841,0.202715421325147,0.3587490009203474,0.7407407407407408,0.5203703703703704,0.3638449267006413,0.1932890358513667,0.1380499995836406,0.000749787577,0.06,0.05,0.8,1.5,0.0,56.941205312388135,4.296752169633159e-05,184120867.84894517,138.93659856065233,0.013040403769350853,2343.211641721412,0.0,2.557162933302065e-05,1.7395892363310943e-05,49.08047194272097,0.029581618426128588,49.08047194272096,312.3937905968704,0.003228716531409958,0.07,0.0,0.0,0.0,0.028,6440.13828355321,0.008746170308046879,0.0,0.026304897667233887,0.061081100333241795,93.03910542497599,300844366.4084009,0.005558812754074418,0.6120136801863798,0.00340206945108807
BLR,19092.111174022295,9228071.0,0.80326,0.4236035393738244,0.4612760789957857,0.8333333333333334,0.5166666666666667,0.3634728967331161,0.4667404971254493,0.0369119498691073,0.0,0.06,0.05,0.8,1.5,0.0,48.30685810258945,2.0744849326434513e-05,445779116.3576208,191.43494246863986,0.015525107986902532,2672.8955643631216,0.0,1.8784069822591358e-05,1.960779503843158e-06,46.52375777797259,0.07073445521292801,46.52375777797259,88.0859415963957,0.0026588510948039527,0.07,0.0,0.0,0.0,0.028,7353.768570881158,0.015953106568823715,0.0,0.02671244333979106,0.05625444649015529,54.72568631186021,505012518.8095741,0.002866403082039601,0.8827090413687574,0.0025301999167236275
BOL,8244.235658484637,12224110.0,0.7082999999999999,0.3505492399830046,0.6197954434967983,0.5,0.3666666666666666,0.4823807976371062,0.1607276599735671,0.1892292538184218,0.019645011375,0.06,0.05,0.8,1.5,0.0,17.580172028795612,4.730480002930969e-05,214901956.69892073,578.2590790862849,0.020012676317423338,1648.8471316969276,0.0,2.3135173863134726e-05,2.4169626166174967e-05,14.253489193787129,0.03472960894582046,14.253489193787127,289.6891926828598,0.002320978354014472,0.09999999999999998,0.0,0.0,0.0,0.039999999999999994,3418.144212567414,0.004773209352518249,0.0,0.038831743186189496,0.10112564432423549,35.410397917865716,432860599.29176146,0.004295170514858191,0.49646920290398194,0.0021324198818483318
BRA,15093.465117066098,215313498.0,0.87555,0.5291082704872349,0.3928613642977452,0.6666666666666666,0.55,0.2423649776461265,0.2714958920331365,0.2044296560543529,0.058245602832,0.06,0.05,0.8,1.5,0.0,26.870201484912698,2.525408688291715e-05,5785517073.681347,5437.545785556808,0.018235153170295084,3622.431628095864,0.0,1.6094440593946136e-05,9.159646288971016e-06,21.37713543724083,0.08477338920846918,21.37713543724083,1382.1863931437372,0.0008845348570424579,0.08,0.0,0.0,0.0,0.04800000000000001,14946.184317871714,0.0009713378883147936,0.0,0.04757068299933288,0.11640181364773558,46.82902366795778,10082920893.87278,0.003102602570367255,0.5737937582349881,0.0017802539891605615
BTN,11595.683107514,782455.0,0.43686,0.6224304917176389,0.653216539981002,0.8333333333333334,0.8333333333333334,0.15485283162287,0.0458241761753092,0.2554359126144432,1.5388477e-05,0.06,0.05,0.8,1.5,0.0,194.97949323422452,0.00024825769985943423,152562679.37858516,194.2504785435136,0.022332764273915236,2319.1366215028,0.0,0.00012695040906316019,0.00012130729079627402,145.1747284388387,0.009010008818475041,145.17472843883874,1356.7476123363892,0.008362067797905597,0.1,0.0,0.0,0.0,0.04000000000000001,14976.391436940894,0.006105978775142139,0.0,0.03636483050505104,0.06949746790020542,309.989679169745,242552974.41476282,0.02673319685399748,0.6289870480734848,0.016814834574763248
BWA,15518.651045267903,2630296.0,0.72224,0.5450701640250646,0.599007672716824,0.6666666666666666,0.6708333333333334,0.2158499620289047,0.1467561032549027,0.1175134459185533,0.154262420302,0.06,0.05,0.8,1.5,0.0,15.872763876587587,1.7180466297272108e-05,41750067.333532825,45.18971177984963,0.012077367346943292,2172.6111463375064,0.0,9.991253868178805e-06,7.189212429093305e-06,14.00750069719825,0.022896740447466545,14.007500697198246,418.7907897749867,0.000608967429008829,0.07,0.0,0.0,0.0,0.028000000000000004,10065.376550988549,0.0010489233714530213,0.0,0.027704335214170803,0.06766561175691299,33.21359596961807,87361588.62450252,0.0021402373101073032,0.47789958940631116,0.001022818531732348
CAN,49296.37921427719,38929902.0,0.8175199999999999,0.7290944203661487,0.7828004369006899,0.6666666666666666,0.825,0.2209511482560882,0.4509591004971903,0.1306246481346276,0.002486375387,0.06,0.05,0.8,1.5,0.0,24.89056858235002,3.0001051029270453e-06,968987395.6351652,116.7937976466498,0.04472779207094946,10352.239634998212,0.0,2.212533436095353e-06,7.875716668316926e-07,21.63924681940973,0.09931777867510763,21.63924681940973,2694.447371892761,0.0003495289033418258,0.07,0.0,0.0,0.0,0.042,46853.0700867854,0.0007758147810276439,0.0,0.04184435486452141,0.10269355476340448,32.83666198107,1278328032.930181,0.0006661069738679684,0.7580115359076139,0.0005049167703404316
CHE,72278.2072582055,8775760.0,0.74092,0.8346389202560219,0.9344967924968568,1.0,1.0,0.2289916063398242,0.3883157696464528,0.233723074320163,0.00030503981,0.06,0.05,0.8,1.5,0.0,88.1041658687561,7.658759642109898e-06,773181014.6643951,67.21143651684237,0.03373248086776794,8673.384870984659,0.0,3.916983158514185e-06,3.7417764835957147e-06,67.51218936149685,0.04772752717346039,67.51218936149685,2448.6236040856475,0.0010112032274695885,0.06,0.0,0.0,0.0,0.024,37876.43140995015,0.0013613685359301461,0.0,0.023589550687360683,0.041853010560167395,148.82280923962256,1306033256.41271,0.0020590274009975144,0.592007141371037,0.0012189589256691746
CHL,25886.1213561616,19603733.0,0.87912,0.5408725972262776,0.6397672985802739,1.0,0.8666666666666667,0.2231146309942332,0.2154804741116743,0.1713887966067474,0.00749503097,0.06,0.05,0.8,1.5,0.0,185.50693877481507,7.07248635654221e-05,3636628497.3888216,1386.4713417979629,0.02175491019031656,5436.085484793936,0.0,4.5765757596397827e-05,2.4959105969024272e-05,153.71312777599795,0.05471580972455005,153.71312777599795,1408.1466428249773,0.005555323115524721,0.06999999999999999,0.0,0.0,0.0,0.042,24364.540597673495,0.010158802375026574,0.0,0.039844347602690997,0.0896057848594633,294.55920065023287,5774459922.240591,0.011379039625035205,0.6297781171503476,0.007166270150033869
CHN,18187.8411189224,1412175000.0,0.6356,0.6520846316363867,0.7804302528795941,0.8333333333333334,0.8166666666666667,0.2022686904693058,0.3160080898699609,0.1733558135246135,0.001107742747,0.06,0.05,0.8,1.5,0.0,43.331898417060714,2.6152686502960683e-05,61192223647.11272,36932.1700623185,0.030383176866299006,6183.865980433617,0.0,1.689448360505478e-05,9.258202897905901e-06,35.820061915405255,0.11332477465161644,35.82006191540525,1652.0794760066156,0.0015763927259106587,0.068,0.0,0.0,0.0,0.068,30572.53184408199,0.002419142495744356,0.0,0.06728385405174166,0.12331283537780587,64.14872597269735,90589227100.49388,0.0035270115652130825,0.6754911771046461,0.0023824651938474856
CIV,5537.369757684749,28160542.0,0.52661,0.4411772661914926,0.3515720969429335,0.5,0.4416666666666666,0.5264144049225482,0.1072404611072749,0.1775087680962455,0.115022170219,0.06,0.05,0.8,1.5,0.0,2.296052267285332,1.2377474678013762e-05,64658076.307083815,348.556395524143,0.005870329056486297,1107.47395153695,0.0,5.318990041549917e-06,7.058484636463846e-06,1.8884828578349213,0.018845890747539087,1.8884828578349213,198.44047305645972,0.00040859559679090607,0.1,0.0,0.0,0.0,0.04000000000000001,2103.8063190916923,0.0006499615394345178,0.0,0.039791788160409694,0.11606567589142402,5.100201483451573,143624438.08320034,0.00092105127644285,0.4501885415184565,0.00041464673080551936
CMR,3723.5323365555096,27914536.0,0.58733,0.5426972877468083,0.6181845322890618,0.8333333333333334,0.5,0.4033385932793022,0.0184804218843114,0.2817346101843237,0.256575177358,0.06,0.05,0.8,1.5,0.0,3.4215091146857977,5.289997223254768e-05,95509839.35622483,1476.6781792844527,0.008602130894625032,744.706467311102,0.0,1.391938848940954e-05,3.898058374313813e-05,2.457551578017684,0.0029044387441497645,2.457551578017684,180.32426740597037,0.001039116728083814,0.1,0.0,0.0,0.0,0.04,1846.3555923482154,0.0014902675520195828,0.0,0.03949739720979242,0.09200124677326384,12.019548071341648,335520107.341197,0.003227996156590505,0.2846620433961026,0.0009188879820098188
COD,1132.65423032115,99010212.0,0.46837,0.5417738643394608,0.5874933870575137,0.5,0.375,0.3277168959915325,0.0873836122121661,0.2913057834198177,0.698637778178,0.06,0.05,0.8,1.5,0.0,3.6804582666635746,0.00024976487798077535,364402953.23951304,24729.2735190307,0.00464846083459962,226.53084606423002,0.0,8.348744062800564e-05,0.00016627743735276972,2.6083194879491973,0.014803326941239366,2.6083194879491973,108.02644991684912,0.0017792635974133698,0.1,0.0,0.0,0.0,0.04000000000000001,691.2394473249345,0.0010853643425924114,0.0,0.0391440966394347,0.11810997099580654,9.520886650116482,942665005.6560028,0.008405819176975972,0.3865667560088583,0.003249410250840653
COL,15616.752219973494,51874024.0,0.8205,0.5172414705972652,0.583481532649143,0.8333333333333334,0.6916666666666667,0.3414650517486818,0.148514940624197,0.2888962899087083,0.06613518166,0.06,0.05,0.8,1.5,0.0,50.25579435902769,8.961359854712396e-05,2606970282.719267,4648.617961759874,0.0086830390006049,5934.365843589929,0.0,2.498407393977305e-05,6.462952460735091e-05,35.7370818222896,0.0494426326419002,35.737081822289596,1563.0426131429315,0.0036072598108059834,0.076,0.0,0.0,0.0,0.076,17379.13093360318,0.004801668179783511,0.0,0.07441349305259104,0.15769134224547626,174.88799421805362,9072144009.379175,0.011198742975147905,0.28735988758821157,0.0032180695224677757
COM,3245.76869721125,836774.0,0.29864,0.5611604077563926,0.5535284709605425,0.3333333333333333,0.3333333333333333,0.2453295509724245,0.0440552689565226,0.2392337036923884,0.186437217461,0.06,0.05,0.8,1.5,0.0,10.807876916602007,0.00016375055404326062,9043750.399012728,137.02220610899533,0.011164331929815797,1298.3074788845001,0.0,5.66701332983057e-05,0.0001070804207449549,8.222268492791839,0.019405687411395783,8.222268492791837,674.3003895539069,0.0015430965332484275,0.1,0.0,0.0,0.0,0.08000000000000002,5292.0957697037975,0.0009076960621065544,0.0,0.07927419067157415,0.23167519794337316,30.280227193620092,25337706.82971426,0.009329138955476626,0.35692852789688373,0.0033298358339237436
CRI,22070.920974668297,5180829.0,0.82042,0.665176892969537,0.8263909380371303,1.0,0.675,0.432619322553597,0.3283491382560658,0.2016015653020331,0.008868735494,0.06,0.05,0.8,1.5,0.0,39.87317801054175,1.909162744739126e-05,206576116.95917702,98.9104571366406,0.019180891236215504,9711.20522885405,0.0,1.2540788229911075e-05,6.550839217480182e-06,31.834682910049924,0.173223722503661,31.834682910049928,1475.5486894215935,0.003414045968237258,0.08800000000000001,0.0,0.0,0.0,0.08800000000000002,22447.460671733945,0.013750066402816775,0.0,0.08656336618346593,0.17326861887829226,62.59989930613942,324319373.722327,0.002836306621639754,0.6369527499644273,0.0018065933023957556
CYP,44996.31640625001,1251488.0,0.66911,0.2915047815919911,0.4365650299807803,0.8181818181818182,0.7007575757575758,0.1451910922152238,0.2932284434732525,0.0717739534520246,0.000126419744,0.06,0.05,0.8,1.5,0.0,158.5917336090629,2.2276910654817977e-05,198475651.5109389,27.87928636157684,0.022462048956649966,10799.115937499999,0.0,1.7116465583924807e-05,5.160445070893169e-06,147.20897790313012,0.06859850038110818,147.20897790313012,1586.4522644829276,0.0018825584013060098,0.08,0.0,0.0,0.0,0.04800000000000001,74378.63971359859,0.005627969747436785,0.0,0.047067136835812165,0.08378523602747294,212.62797642893602,266101360.9650963,0.004725452957287008,0.7458648493608132,0.0035245492581484836
CZE,41052.34573109651,10672118.0,0.7437699999999999,0.5393701498150425,0.7777441399174381,1.0,0.925,0.1901309840206049,0.4257074978033049,0.1354200606598543,8.1421604e-05,0.06,0.05,0.8,1.5,0.0,31.61393037841166,4.732401053076843e-06,337387595.44219387,50.50474246176033,0.032863937354695685,4515.758030420616,0.0,3.5314399487490794e-06,1.2009611043277632e-06,27.33277000887075,0.05140883103373182,27.33277000887074,746.040340150511,0.0006032092177946542,0.055,0.0,0.0,0.0,0.022000000000000006,23750.77399237166,0.0014505874894195701,0.0,0.02171168213640447,0.03485101517520663,39.363028890020715,420086889.1517101,0.0009588496878560543,0.8031376464128348,0.0007700882815683928
DEU,53969.62554886499,83797985.0,0.77648,0.6063789838354662,0.8288874185926249,0.8333333333333334,0.9166666666666669,0.2180023453970511,0.4321037130259294,0.1009968407076078,0.0,0.06,0.05,0.8,1.5,0.0,43.720176558181755,4.383625566411798e-06,3663662699.419866,367.33898945979234,0.0297117070896239,5612.841057081961,0.0,3.4935092912487884e-06,8.90116275163009e-07,39.3045768506266,0.04882946342704617,39.30457685062659,686.3735323788035,0.0006687732438270432,0.052000000000000005,0.0,0.0,0.0,0.020800000000000003,25746.700324985963,0.002184117360110593,0.0,0.0204943312229587,0.035032252907162796,54.9613711140669,4605652152.196012,0.001018375994925219,0.7954709948455406,0.0008100885658099812
DNK,59935.119915577394,5903037.0,0.8836700000000001,0.6982914904907482,0.7946013699842172,0.8333333333333334,0.9166666666666669,0.2117268243790424,0.4244698821202023,0.078235059323093,0.001649913074,0.06,0.05,0.8,1.5,0.0,14.839822448860915,1.2367119075488264e-06,87600020.9890566,7.3003561486013036,0.040369108230101564,7192.2143898692875,0.0,1.0085773595859697e-06,2.2813454796285692e-07,13.678828059230115,0.053680158825074015,13.678828059230113,790.3693301532162,0.00017657392591713202,0.060000000000000005,0.0,0.0,0.0,0.024,33969.31121487695,0.000642463088356579,0.0,0.02391981287655318,0.04474819676323475,18.14640545137602,107118902.79647434,0.00030276748385481565,0.8177830308390708,0.0002475981105863106
DOM,19338.0151125748,11228821.0,0.83848,0.5853167226634055,0.8114523226201735,0.6666666666666666,0.5416666666666666,0.2486250864217581,0.1770212695996403,0.2273090232923261,0.008537285128,0.06,0.05,0.8,1.5,0.0,71.20114312780223,4.4507363632507134e-05,799504891.1774713,499.76521941133245,0.010181294691521839,7928.586196155668,0.0,2.4029320983629033e-05,2.0478042648878105e-05,55.0164808261244,0.08048152616503301,55.01648082612438,2334.3242883058233,0.00326837669025709,0.082,0.0,0.0,0.0,0.08199999999999999,31889.727260691292,0.005061450908093868,0.0,0.08049263321704238,0.15815815539107458,119.6877527611741,1343952351.6474798,0.006189247038251901,0.5948908011488657,0.0036819261290939177
ECU,10859.217829113702,18001000.0,0.6456999999999999,0.563095812503476,0.5041280465060598,0.6666666666666666,0.4333333333333333,0.1806050261935844,0.1375467032858406,0.2186304478173898,0.031807919477,0.06,0.05,0.8,1.5,0.0,97.32248039804217,0.0001742409462873713,1751901969.6451569,3136.5112741189705,0.010466866354872996,2606.2122789872883,0.0,8.51618803455501e-05,8.907906594182121e-05,76.04482292591909,0.039678263683364245,76.04482292591906,1084.0119504462036,0.00531306659166477,0.08,0.0,0.0,0.0,0.04800000000000001,14430.452650823665,0.005350618827127165,0.0,0.045800436444279245,0.1032749404649776,197.17326970867046,3549316028.025777,0.01815722576077684,0.49358861138651866,0.008962199849893365
EGY,12780.759867658198,110990103.0,0.42967,0.6082203936160391,0.661233132045334,0.6666666666666666,0.4666666666666667,0.7411056618723808,0.1255228522983458,0.0732992363315387,0.014670147196,0.06,0.05,0.8,1.5,0.0,5.045236689378505,5.105612431774159e-06,559971339.8134992,566.6724496806943,0.0026027995535172917,2811.767170884804,0.0,3.5799557480890384e-06,1.52565668368512e-06,4.6754246929351995,0.02399176423322376,4.6754246929352,136.59340827085697,0.0006139953631517583,0.07333333333333335,0.0,0.0,0.0,0.044000000000000004,3794.0165829808398,0.0033771556276951534,0.0,0.04371540009939126,0.11592129182445568,7.377052208633215,818779784.4725779,0.0005771998132365272,0.6839095815906204,0.0003947524827647776
ESP,40223.0125356769,47778340.0,0.81304,0.6061794448483766,0.846283972014659,0.8333333333333334,0.7666666666666666,0.166704778502992,0.3741873083218517,0.1436213657878785,0.008863663023,0.06,0.05,0.8,1.5,0.0,26.128685696791244,5.283969048175051e-06,1248385228.974429,252.459269733184,0.03746168734803052,8446.832632492149,0.0,3.221341668611714e-06,2.062627379563337e-06,22.376048170775885,0.08270573494935572,22.376048170775878,2744.4916437979573,0.00031385168456183026,0.07,0.0,0.0,0.0,0.04200000000000001,50669.40916957904,0.00039563455091041105,0.0,0.04185166934657473,0.10168278334583325,42.625762071825534,2036588153.026785,0.0010597356931934785,0.6129787346150838,0.0006495954442401772
EST,37711.81883494659,1348840.0,0.69609,0.3661017450190345,0.5575839205548966,0.8181818181818182,0.8257575757575757,0.2239238114723021,0.432297959175593,0.0914634387777981,0.003486593807,0.06,0.05,0.8,1.5,0.0,13.624975091645295,2.3223250860689408e-06,18377911.40261484,3.13244496909323,0.03705939779475694,4525.418260193592,0.0,1.8760167130466504e-06,4.4630837302229026e-07,12.37878801650157,0.057031542226470576,12.378788016501574,451.7419389660401,0.00031758144357445857,0.06,0.0,0.0,0.0,0.024000000000000004,20209.63393950338,0.0011784751396795435,0.0,0.02383526260165752,0.04001599019951883,17.007451133613458,22940330.387063175,0.0004509846424551945,0.8011179914382908,0.00036129191093322113
ETH,2381.16578430493,123379924.0,0.22661,0.5417738643394608,0.5874933870575137,0.8333333333333334,0.5083333333333333,0.4834511165692108,0.0682099720618094,0.1920802773614383,0.269846056657,0.06,0.05,0.8,1.5,0.0,1.8092780907500365,3.0379874512458195e-05,223228593.3316046,3748.266608476629,0.02264398963771795,476.23315686098596,0.0,1.4338929021373774e-05,1.604094549108442e-05,1.461751453254796,0.012198857580374648,1.461751453254796,109.46770055462841,0.0005632822537784007,0.1,0.0,0.0,0.0,0.04,985.0699285597959,0.0007366083790688877,0.0,0.03972598019227264,0.12090578785694445,3.5299652147399736,435526839.9172616,0.0014824525188490317,0.5125484192294831,0.0007598286951188367
FIN,49275.15377629659,5556106.0,0.85681,0.6963851362078851,0.9111164864944634,0.8333333333333334,0.8916666666666666,0.1999180459504058,0.4270221694909394,0.1135900136358301,0.000276208987,0.06,0.05,0.8,1.5,0.0,9.399598855861152,1.1072076461504093e-06,52225167.600643285,6.1517630460221655,0.0620147774713875,4927.515377629659,0.0,8.227969079655804e-07,2.84410738184829e-07,8.331898293652552,0.04488447112413002,8.33189829365255,686.4069351500633,0.0001555492095917095,0.09999999999999998,0.0,0.0,0.0,0.019999999999999997,24647.67677277138,0.0004638336547783942,0.0,0.019929517925008963,0.03252917310256625,12.110750544890811,67288613.76697111,0.0002457780365307878,0.7761367737713483,0.00019075737233686225
FRA,45904.4112972518,67971311.0,0.81509,0.5654372974328619,0.8331997399350071,1.0,0.95,0.1766812468382362,0.4222249610395518,0.1233562616721951,0.001148958258,0.06,0.05,0.8,1.5,0.0,27.783754099218562,3.81756150933841e-06,1888498190.6255097,259.48466061287047,0.03479306432257914,14873.029260309584,0.0,2.7448488700084513e-06,1.0727126393299582e-06,24.35645405831944,0.1481334058238623,24.356454058319436,2977.0057950729483,0.00043257697534680283,0.06480000000000001,0.0,0.0,0.0,0.0648,84180.01076213177,0.00101344030712051,0.0,0.06459387326656432,0.12064426760033346,37.54634586660406,2552074351.812509,0.000817924569895353,0.7399855687136542,0.0006052523780188837
GAB,13939.7868122861,2388992.0,0.90735,0.4267726317339799,0.2934889000307104,0.8333333333333334,0.5041666666666667,0.2729777731386862,0.0669335238055785,0.0767254438952848,0.024686419565,0.06,0.05,0.8,1.5,0.0,17.51925982005011,1.706412233306673e-05,41853371.55602115,40.76605174071776,0.00789636151872899,1951.5701537200534,0.0,1.1628289788685006e-05,5.435832544381724e-06,16.175086833639938,0.009704489017700869,16.175086833639938,241.3657680257434,0.0006729833354379712,0.07,0.0,0.0,0.0,0.027999999999999997,7149.190687875381,0.0015326494178850127,0.0,0.027658511203691276,0.07307865280872093,28.084594250788516,67093870.98837976,0.0020147075869220337,0.6238032019835298,0.0012567810437824753
GBR,47587.1673459552,66971395.0,0.84398,0.642071262418551,0.892841058757993,0.8333333333333334,0.8500000000000001,0.2116697162815504,0.4259556113348766,0.1437678386473004,0.004993337475,0.06,0.05,0.8,1.5,0.0,31.93763091050519,4.719772275101352e-06,2138907695.0716527,316.0897333458613,0.038294144346458794,14942.370546629934,0.0,2.9619092844414212e-06,1.7578629906599305e-06,27.346026742986652,0.14212398211403496,27.346026742986652,3857.205167913743,0.00038028024874694577,0.06280000000000001,0.0,0.0,0.0,0.0628,70592.85952249533,0.0005652544595771402,0.0,0.06262559847724909,0.15085903711023696,48.99545844989465,3281294201.0539823,0.0010295939258939553,0.651848802336778,0.0006711395674871962
GEO,17078.3409616702,3712502.0,0.60297,0.4799341211716937,0.3753251800319887,0.8333333333333334,0.6416666666666667,0.2604396764340878,0.3799882950747853,0.206975417124296,0.054850259814,0.06,0.05,0.8,1.5,0.0,138.74737610931476,8.213497733900855e-05,515099911.3005833,304.9262676410239,0.0046718995943997674,2049.4009154004248,0.0,5.6209694026675793e-05,2.592528331233275e-05,110.03008006418779,0.05868353950585738,110.03008006418777,753.3317469547865,0.004539645421782546,0.060000000000000005,0.0,0.0,0.0,0.023999999999999997,7869.004229542143,0.008902440736725796,0.0,0.022084368499526774,0.05465764997624701,183.31443363472752,680555201.4977932,0.010733737782033369,0.7568818960856234,0.00812417180455131
GHA,5480.32998341512,33475870.0,0.5861500000000001,0.5975740580549966,0.6733557627182511,0.8333333333333334,0.475,0.4015998812071467,0.0456888604329873,0.3030168728483887,0.252085535489,0.06,0.05,0.8,1.5,0.0,1.8987439946975102,1.2500752267618472e-05,63562107.129774526,418.47355781300115,0.02101227547580322,1096.065996683024,0.0,4.082161611146282e-06,8.418590656472191e-06,1.323392527084613,0.006733033471826842,1.3233925270846132,316.9468066559273,0.00031989885511022215,0.1,0.0,0.0,0.0,0.04000000000000001,2729.248807017623,0.000392182150149968,0.0,0.039846888068338054,0.09429192427512759,5.071614237990275,169776698.9211115,0.0009254213256023408,0.37438651790084176,0.0003464652676834415
GIN,2699.1288547588897,13859341.0,0.37668,0.491227769978424,0.4747194246428278,0.6666666666666666,0.6666666666666666,0.5326179953434279,0.0758330870991964,0.1924341135772713,0.138200995171,0.06,0.05,0.8,1.5,0.0,2.2627972756311245,3.347592135083006e-05,31360879.05684275,463.9542092903345,0.0048919260418128245,809.738656427667,0.0,1.4341882861343255e-05,1.9134038489486805e-05,1.8273578876899848,0.020139603067350104,1.8273578876899848,167.71446773657033,0.0008212082381781067,0.09999999999999999,0.0,0.0,0.0,0.06,1520.2990952372043,0.0012599997502937643,0.0,0.059591410472351086,0.18136008009585222,4.694268925428783,65059473.783221066,0.001739179260431461,0.4820340103170456,0.0008383435535660107
GMB,2113.61484432613,2705992.0,0.63852,0.5417738643394608,0.5874933870575137,0.8333333333333334,0.8333333333333334,0.5058967226596787,0.081704904290294,0.1898449506935509,0.172421335913,0.06,0.05,0.8,1.5,0.0,0.5973323084864874,1.3505381137345326e-05,1616376.4481059667,36.54545331460736,0.016635358248850644,634.084453297839,0.0,5.843677315391262e-06,7.661703821954065e-06,0.48393178583420526,0.025017097544459604,0.4839317858342052,110.94860917816712,0.0003214432540849075,0.10000000000000002,0.0,0.0,0.0,0.06000000000000001,1253.3871537341297,0.0006318885647365531,0.0,0.059842543545248573,0.16145396288280997,1.3123377467326665,3551175.4439566215,0.0006208972984153462,0.4551665986699449,0.0002826117114430709
GRC,31704.42560993319,10426919.0,0.80357,0.5450174951544926,0.7755713147866197,0.8333333333333334,0.6666666666666667,0.1247032487295633,0.2892258227866024,0.2250036934135633,0.008064955208,0.06,0.05,0.8,1.5,0.0,412.4612731987603,0.00011374907595105801,4300700286.280345,1186.0524012665298,0.021162944062921584,7609.062146383968,0.0,6.458971637039606e-05,4.915935958066195e-05,319.6559633389786,0.07004738075481601,319.6559633389785,4208.95895843707,0.005258560907925679,0.08,0.0,0.0,0.0,0.047999999999999994,61017.35298721284,0.0035632379192509947,0.0,0.04592309181542952,0.08334006923061431,642.137024827744,6695510744.779876,0.020253860856149955,0.6423259479694459,0.013009580374467773
GTM,9162.05278751063,17357886.0,0.52666,0.50202975475267,0.6125539928753647,0.6666666666666666,0.5583333333333333,0.3252414222281725,0.1807043965501155,0.2202516762414956,0.095213027306,0.06,0.05,0.8,1.5,0.0,35.34230147631888,8.041682728111588e-05,613467640.0035747,1395.8661204272994,0.01034226335614978,4581.026393755315,0.0,4.0677876570586127e-05,3.9738950710529756e-05,27.55810033392736,0.10999433689531991,27.558100333927356,1472.109765526135,0.003112476941193066,0.1,0.0,0.0,0.0,0.10000000000000002,14085.002956792832,0.004651246221401941,0.0,0.09855807099865364,0.2619107060454385,70.5238672348509,1224145247.741677,0.007697387132607051,0.5011395838323188,0.0038574653842309435
HND,5709.12420809714,10432860.0,0.596,0.2604377998089767,0.5335129090244716,0.8333333333333334,0.6041666666666667,0.242592640152496,0.1212040757298387,0.2635086324654173,0.127429917407,0.06,0.05,0.8,1.5,0.0,57.78908135839631,0.000365292079192155,602905395.3407586,3811.041121320666,0.010520156863247103,2854.56210404857,0.0,0.0001323717027166249,0.00023292037647553013,42.56115955821257,0.06385273833737586,42.56115955821256,1219.00256028853,0.006954955569837555,0.10000000000000002,0.0,0.0,0.0,0.1,11766.89491591404,0.006169688947675435,0.0,0.09668418662438916,0.23877199018060366,157.5776040405799,1643985082.0908043,0.02760101169582029,0.36673410355645636,0.01012223228151792
HRV,34302.348815210695,3855600.0,0.58219,0.4687164668184457,0.4877557045058928,0.6666666666666666,0.6333333333333333,0.2034149049016802,0.3163605431380921,0.1013407507342127,0.003139338613,0.06,0.05,0.8,1.5,0.0,91.14698390810537,2.010932448535595e-05,351426311.1560911,77.53351148573839,0.01714765109185135,6997.6791583029835,0.0,1.424571887202526e-05,5.8636056133306884e-06,81.91008013169878,0.06699615749321224,81.91008013169878,1359.588274332853,0.0015827648555027827,0.068,0.0,0.0,0.0,0.04080000000000001,34401.01482084257,0.0035815282574966486,0.0,0.0400704207770413,0.09603600103039582,127.75657792372249,492578261.8427044,0.003724426528689236,0.7134425905061812,0.0026571645107779924
HTI,2799.1125613458894,11584996.0,0.5882000000000001,0.3983119757086822,0.6205710009432347,0.5,0.5,0.1143319686014651,0.0924509639846764,0.2749771908200218,0.291921948523,0.06,0.05,0.8,1.5,0.0,66.02309081213488,0.0011435283162311756,764877242.9662193,13247.770969424904,0.012133623764121384,1399.5562806729447,0.0,0.0003914196443863387,0.0007521086718448367,47.86824677135886,0.050901966068777206,47.86824677135884,1396.9337416010949,0.006525135750003261,0.1,0.0,0.0,0.0,0.09999999999999999,12241.163147916002,0.0021212971185478914,0.0,0.09678912892582262,0.2587269899048498,169.34698458521254,1961884139.031749,0.06050024101345389,0.38986871230005976,0.023587151057758528
HUN,35356.7758131528,9643048.0,0.72552,0.6448860437011493,0.7762924710809507,0.8333333333333334,0.7083333333333334,0.2093766840969745,0.4838333264714051,0.0779590996969143,0.003514764117,0.06,0.05,0.8,1.5,0.0,34.27969237183926,6.202861973025343e-06,330560718.96687984,59.81449574325809,0.016579807436476458,3677.1046845678916,0.0,5.244083523152503e-06,9.587784498728385e-07,31.607278416643506,0.05870742476947292,31.6072784166435,307.0641221279121,0.0007932680661943117,0.052000000000000005,0.0,0.0,0.0,0.020799999999999996,17562.149770529417,0.003478317772468817,0.0,0.020443799815101384,0.04025032722515128,41.23833283417249,397663222.95990133,0.0011663487941350051,0.831257958697911,0.0009695367177424344
IDN,12409.758854952,275501339.0,0.57934,0.7011917233988042,0.7309248779754527,0.6666666666666666,0.6333333333333333,0.1761408179006248,0.1613494632202141,0.3673305238751994,0.024729117009,0.06,0.05,0.8,1.5,0.0,33.15164418849247,5.4801326923602406e-05,9133322363.981243,15097.838946429212,0.0134388155602653,4268.957046103488,0.0,1.7592992490588463e-05,3.720833443301394e-05,20.974033361409315,0.05542390503740714,20.97403336140932,3096.6214975521116,0.0014060038756926914,0.0688,0.0,0.0,0.0,0.0688,24236.04645978169,0.000716070627623222,0.0,0.06819233696356694,0.14180821267239643,75.75932350423548,20871795067.151047,0.0061048183441537555,0.43759160793772217,0.0026714172753859447
IND,7112.03939594585,1417173173.0,0.35872,0.7738320593043702,0.766967178241663,1.0,0.775,0.2680875156035308,0.127853480411843,0.3502587646077509,0.118991602614,0.06,0.05,0.8,1.5,0.0,7.4600612440495615,3.570969333405586e-05,10572198664.004045,50606.8194090809,0.00815765727133339,2275.852606702672,0.0,9.123185489745392e-06,2.658650784431047e-05,4.847109408810603,0.038248660536054274,4.847109408810602,1117.7961692957651,0.000762053351083204,0.064,0.0,0.0,0.0,0.06400000000000002,8489.215178779097,0.0005821842249286431,0.0,0.06366994235366875,0.14834337370542355,21.41792291163489,30352905771.751015,0.0030115022877747234,0.3483092769932897,0.0010489341845184518
IRL,112445.42095391502,5127170.0,0.6418300000000001,0.5127947441090477,0.8874838915392584,0.8181818181818182,0.8340909090909091,0.274919206221943,0.3861346257837032,0.0497440488838275,0.00144305587,0.06,0.05,0.8,1.5,0.0,25.37072938940169,8.404677863472642e-07,130080042.60345867,4.309221220126103,0.04314653022678185,22938.86587459866,0.0,6.993009843435074e-07,1.4116680200375668e-07,24.108686586436935,0.082157035953167,24.108686586436935,1678.7718775435542,0.00016477425341077684,0.068,0.0,0.0,0.0,0.040799999999999996,83438.57160739819,0.0007511214122456839,0.0,0.0407188395920406,0.10116352551107458,31.690838795789357,162484317.94860733,0.0002818330753439718,0.8005698288040455,0.00022562705687944115
IRN,15461.079338719,88550570.0,0.76807,0.5945261939061661,0.436906467022161,0.8333333333333334,0.8333333333333334,0.1673617841863386,0.053209263651184,0.1617549203870036,0.009220822952,0.06,0.05,0.8,1.5,0.0,129.42465409150824,0.00010180499809718248,11460626891.855886,9014.890610354423,0.020236685626633097,5256.766975164461,0.0,6.771619909993919e-05,3.4088798997243276e-05,108.48957947282088,0.020147588094725,108.48957947282085,1894.4655025130742,0.00498950872526272,0.085,0.0,0.0,0.0,0.068,31409.60166456901,0.008163492023056561,0.0,0.06602072971156672,0.12645234119928556,195.71711857068556,17330862408.19179,0.01265869699540015,0.6612842812968606,0.008370997344757916
IRQ,9199.020693691233,44496122.0,0.71354,0.2611828188184946,0.5997007123556064,0.5,0.3666666666666666,0.4073304239369676,0.1168154716331102,0.0597420267099989,0.000887524669,0.06,0.05,0.8,1.5,0.0,16.095467857338438,2.453078707290707e-05,716185901.4272099,1091.524894352096,0.0012733063037354284,1287.8628971167723,0.0,1.8827724943428314e-05,5.703062129478755e-06,15.1338919866954,0.016487332998625235,15.1338919866954,64.74410128510976,0.0020361636957518347,0.07,0.0,0.0,0.0,0.028000000000000004,3161.715456138044,0.010933800018376738,0.0,0.026944455967352496,0.056758669993532566,21.643319798134407,963043798.222804,0.0023527852060358533,0.7436690862335187,0.001749693624276424
ISL,55567.43625384568,382003.0,0.93992,0.6291541148918254,0.6029074554510778,0.8181818181818182,0.7924242424242425,0.2088920584384275,0.4102682416512929,0.1403244096342698,0.0,0.06,0.05,0.8,1.5,0.0,157.74057833379217,1.4785427103733445e-05,60257374.14524361,5.648077509907487,0.07576467478051169,5556.743625384569,0.0,1.1125167983420047e-05,3.6602591203133982e-06,135.60572480373452,0.04266568647976867,135.60572480373452,923.5818247154754,0.0023966315639522987,0.09999999999999999,0.0,0.0,0.0,0.019999999999999997,26601.028621786787,0.005967826478243033,0.0,0.01900429221636233,0.027356008217643137,193.6709194471883,73982872.24158427,0.003485331203017034,0.8144773556300801,0.0028387233417283197
ISR,44393.30029743679,9557500.0,0.92763,0.3037350504261213,0.7978486816808547,0.7222222222222222,0.7694444444444445,0.2848230351273969,0.3198797477745335,0.0872837744310107,0.004967662373,0.06,0.05,0.8,1.5,0.0,55.88636782679466,7.97367577038094e-06,534133960.50459,76.20840617541583,0.04035235868485268,9056.233260677107,0.0,6.558239715835741e-06,1.415436054545199e-06,51.00839470363223,0.06565370079491287,51.00839470363222,820.9068648558662,0.0012791437770096066,0.068,0.0,0.0,0.0,0.0408,31796.000125574094,0.0060771872094370965,0.0,0.04016779170898127,0.06627454328609406,74.58211950545464,712818607.1733828,0.0016800309732719042,0.7493266240939607,0.001258891937575127
ITA,44292.191184356314,58940425.0,0.7165699999999999,0.6623002024068627,0.7794301766653018,0.8333333333333334,0.7,0.1434501066431165,0.3728156451184469,0.1823912245184091,0.008277917637,0.06,0.05,0.8,1.5,0.0,188.74727959578416,3.496294061982171e-05,11124844876.969347,2060.730579382055,0.034207570073159325,9301.360148714826,0.0,1.9141708457564483e-05,1.582123216225723e-05,154.32143214579057,0.08241338914154886,154.32143214579054,4133.216481950487,0.0021122043340658656,0.07,0.0,0.0,0.0,0.04200000000000001,64840.385039624176,0.0021384995778266996,0.0,0.04113248657165432,0.09583067556317748,325.9107617785076,19209318811.298996,0.007358199110583108,0.5791379166670747,0.004261412103324623
JOR,9490.666715875366,11285869.0,0.91827,0.5705707672674138,0.7056089058662753,0.5,0.4333333333333333,0.3098295810740082,0.2103589662609795,0.0577285372172939,0.000408548828,0.06,0.05,0.8,1.5,0.0,11.01229727098264,1.5658451298245226e-05,124283344.38936758,176.71923009487557,0.0027917155291352,1328.6933402225513,0.0,1.2623095326547489e-05,3.0353559716977364e-06,10.376573458126815,0.028952286951638956,10.376573458126813,93.9215812950346,0.0009391358680088281,0.06999999999999999,0.0,0.0,0.0,0.027999999999999997,4288.465083342606,0.0043279853544255535,0.0,0.027571024464551022,0.060463513761165,14.477510536203935,163391287.35771737,0.00152544715451728,0.760648541297495,0.0011603291529099836
JPN,41837.909997566494,125124989.0,0.91955,0.5890552972778644,0.7847495148207655,0.8333333333333334,0.8083333333333333,0.2106785735429563,0.4389803751976059,0.0735644320680868,0.007278878874,0.06,0.05,0.8,1.5,0.0,120.63155714849411,1.7407944025965646e-05,15094022261.258198,2178.168804761567,0.03930924659526089,12886.07627925048,0.0,1.4663260972912746e-05,2.744683053052901e-06,111.75736515737621,0.1460543283426469,111.75736515737619,1315.8445121855448,0.00280433920115961,0.06160000000000001,0.0,0.0,0.0,0.0616,61164.62658042,0.013587166174629397,0.0,0.06039683280265503,0.11311846054947244,148.97124714386683,18640025660.19262,0.0035606761225054446,0.8097640280341878,0.002883307439485162
KAZ,26093.294584983396,19621972.0,0.5799,0.4874772623375023,0.6738272052386438,1.0,0.7916666666666667,0.4992063423501769,0.2610296830380486,0.1247526242432823,0.000151407911,0.06,0.05,0.8,1.5,0.0,44.63348967762221,1.6873706002169377e-05,875797084.716592,331.09538671079946,0.013373481509262672,3653.061241897676,0.0,1.0039717756009116e-05,6.833988246160261e-06,39.06534471120339,0.03606352499023355,39.06534471120339,326.7791539856701,0.0021766203964153955,0.07,0.0,0.0,0.0,0.027999999999999997,7317.738041347184,0.007648703427353248,0.0,0.026952009474576454,0.06281336209620136,71.1219825026916,1395553549.2523043,0.002725680433762552,0.6275625074980589,0.001710534847650424
KEN,4881.531729286371,54027487.0,0.29002,0.6358429590097112,0.5578241153792867,0.6666666666666666,0.4833333333333333,0.442077796979773,0.0824785612014143,0.1668505748020347,0.361460557542,0.06,0.05,0.8,1.5,0.0,4.411665509139765,2.604664718418758e-05,238351200.94339705,1407.2348921372811,0.021435279681680557,1464.459518785911,0.0,1.2560677852901576e-05,1.3485969331286005e-05,3.6755765831054856,0.024044781681234136,3.6755765831054847,290.3340457120113,0.0007528175380398742,0.10000000000000002,0.0,0.0,0.0,0.060000000000000005,3312.673761928189,0.0013102603332613685,0.0,0.05964937077952499,0.17505287922804497,8.883538770710462,479955275.44855547,0.0018198260839757242,0.4966112742914209,0.0009037461505519508
KOR,45560.12503892752,51628117.0,0.81427,0.6918635585867663,0.9462272774829674,1.0,0.9416666666666668,0.202797209207779,0.3784681612466538,0.2051090135254299,0.002266651427,0.06,0.05,0.8,1.5,0.0,87.34312859830422,1.3971714613606458e-05,4509361262.419296,721.3333167618839,0.03731289990397469,14305.87926222324,0.0,7.986305404787019e-06,5.985409208819438e-06,69.4282656532813,0.11816010907703506,69.42826565328129,4077.9731209772517,0.001533467762483988,0.06280000000000001,0.0,0.0,0.0,0.06280000000000001,70542.78171829243,0.002345470761168892,0.0,0.062106627175443296,0.10622656810954229,135.87109240078186,7014768655.385377,0.0029822370391804406,0.6428382009372997,0.0019170958930353338
LAO,7947.658797321377,7529475.0,0.37592,0.5617039206533438,0.7068764904028856,0.3333333333333333,0.2291666666666666,0.2864886795282072,0.0912520118563962,0.1842538467170634,0.071383628289,0.06,0.05,0.8,1.5,0.0,99.47311967377345,0.00029438119082094853,748980367.7556853,2216.5358167565614,0.0170347189020075,2384.297639196414,0.0,0.0001339275638234035,0.000160453626997545,81.14481472893391,0.023982005818703165,81.1448147289339,544.6587519430807,0.009830446421868658,0.10000000000000002,0.0,0.0,0.0,0.06,8322.484654971015,0.01580266044536466,0.0,0.05568624836383011,0.13198923102937352,208.57818251344727,1570484210.7804384,0.026243977985535186,0.4769104729702988,0.012516027953703695
LBN,12986.912832522998,5489739.0,0.89262,0.3565122472738893,0.532533392684082,0.5,0.25,0.1778802634087515,0.2461925878861273,0.1637752009813775,0.0,0.06,0.05,0.8,1.5,0.0,58.3883365614492,5.940968093318385e-05,320536728.3665136,326.1436423964558,0.0020639399889808576,3116.8590798055197,0.0,3.683984056434748e-05,2.256984036883637e-05,48.82577500612956,0.058292114242437396,48.82577500612955,1255.704803779792,0.00204092010942982,0.08,0.0,0.0,0.0,0.048,17522.23107879754,0.002331601683599227,0.0,0.047035486863690995,0.10817879688523549,87.9257554298317,482689448.68760884,0.006770335380217545,0.6640640876613845,0.004495936587425756
LBR,1460.92339035678,5302681.0,0.53065,0.5417738643394608,0.5874933870575137,0.6666666666666666,0.6666666666666666,0.2623024378712349,0.0894503039938927,0.2209748293859467,0.276177478999,0.06,0.05,0.8,1.5,0.0,3.9784994084393324,0.00016095643764883405,21096713.221642487,853.5006437481569,0.012676948907548365,438.277017107034,0.0,6.355856149224273e-05,9.739787615659133e-05,3.0993511804473615,0.02409923409868321,3.099351180447361,221.41472953476318,0.001279266376104982,0.10000000000000002,0.0,0.0,0.0,0.060000000000000005,1670.8842688003747,0.000766130002776453,0.0,0.05937933438174012,0.18783419076816704,8.987719609108426,47659010.00454668,0.006152081394845412,0.44265949333882215,0.0027232772332214644
LKA,12200.1373948947,22181000.0,0.1902599999999999,0.5388648938202181,0.7103604589213257,0.6666666666666666,0.3666666666666666,0.3473223975424335,0.1550440431934355,0.1573737909855021,0.009586125507,0.06,0.05,0.8,1.5,0.0,34.095999562347124,4.378940940292127e-05,756283366.2924216,971.2928899661966,0.033911242945162165,6100.06869744735,0.0,2.465947565151366e-05,1.9129933751407608e-05,28.730182853780548,0.07587137698654353,28.73018285378054,1412.8833896990184,0.0019023261726095837,0.1,0.0,0.0,0.0,0.10000000000000002,17563.130798963473,0.002848795268087572,0.0,0.0990814342782542,0.2705846363398784,59.00871675062937,1308872346.24571,0.004836725590920173,0.5778129306969461,0.0027947225886665035
LSO,2240.3392510214594,2305825.0,0.29943,0.5611604077563926,0.5535284709605425,0.3333333333333333,0.2416666666666666,0.2171583394734142,0.2322748798130819,0.161688500795371,0.323999109936,0.06,0.05,0.8,1.5,0.0,7.107856129232436,0.00011998115409082977,16389472.359187383,276.65554463148754,0.011532117972764346,313.6474951430044,0.0,7.134799221636089e-05,4.8633161874468873e-05,5.958597527827655,0.04055476875095779,5.958597527827655,123.76967465563737,0.0013409193033017232,0.07,0.0,0.0,0.0,0.028,1444.3262731864963,0.0011718753683246223,0.0,0.02736543554592019,0.08336361295324649,12.72282978236256,29336618.98291615,0.005678974635900218,0.558669435245132,0.0031726695526098038
LTU,39955.24616298381,2831639.0,0.68465,0.3000856069005659,0.7972502168183648,0.8181818181818182,0.7924242424242425,0.2598650358328045,0.3202631346971138,0.0936555125660773,0.001894733336,0.06,0.05,0.8,1.5,0.0,35.109124551148724,5.490576078670119e-06,99416366.33489022,15.54732935682938,0.028087704345258063,4794.629539558057,0.0,4.576897501047774e-06,9.136785776223465e-07,31.82096149556464,0.05185909814936483,31.82096149556464,365.93716084545883,0.0008703380529529706,0.060000000000000005,0.0,0.0,0.0,0.024000000000000004,18450.46034835902,0.004090294322152868,0.0,0.023543461674090924,0.03988489681293,43.85091194869898,124169952.45950203,0.0010975007329406539,0.8006475348157585,0.0008787112562874226
LUX,117746.98959288398,653103.0,0.91881,0.5560322521748641,0.7615020140084537,0.8181818181818182,0.9090909090909092,0.2372362621786413,0.4182557417114149,0.0854849138941175,0.0,0.06,0.05,0.8,1.5,0.0,53.799205879067905,1.937131485141605e-06,35136422.75723688,1.2651463843404378,0.033844513363478344,12952.168855217242,0.0,1.381806621496769e-06,5.553248636448361e-07,49.20018539692389,0.047180000458882106,49.200185396923885,1900.1094800967237,0.00026641193389781475,0.055,0.0,0.0,0.0,0.022000000000000006,54596.075390296464,0.0006634192619170773,0.0,0.021871948880694197,0.05762372509003237,78.26792472578644,51117016.442185305,0.0006647127454927013,0.6873723312270603,0.00045690514946565775
LVA,32992.3823633129,1879383.0,0.6854,0.245306406115846,0.671589012271618,0.8181818181818182,0.7757575757575758,0.1343388801775949,0.31847428831795,0.1197209121885905,0.004550118181,0.06,0.05,0.8,1.5,0.0,59.106026999468064,1.2915112425439547e-05,111082862.34034128,24.27244273545985,0.023572042057693726,3629.1620599644184,0.0,9.986102831737963e-06,2.9290095937015815e-06,52.0297995312483,0.04405308500582378,52.0297995312483,766.5314240831594,0.0008762138756058038,0.055,0.0,0.0,0.0,0.022,27014.979246266572,0.0014862486167741564,0.0,0.021545410086231783,0.0357323887195169,77.3960339295977,145456790.43470913,0.0023458758775680624,0.7636828917258615,0.0017915052738111208
MAR,8083.365234374999,37457971.0,0.6459600000000001,0.6986300833767103,0.5753945467297013,1.0,0.75,0.2008016416164941,0.1765697470736681,0.2142859772310497,0.014431101154,0.06,0.05,0.8,1.5,0.0,18.37672684553828,6.154901125762076e-05,688354901.2550944,2305.501078766632,0.005876048253967145,1940.0076562500003,0.0,2.341149602447225e-05,3.813751523314851e-05,14.43885197513405,0.03808563914518351,14.438851975134044,797.9698299864657,0.0011979684755934954,0.08,0.0,0.0,0.0,0.048,9661.313725488213,0.001038523259870208,0.0,0.04747248818949974,0.11482110894991894,44.73107999009402,1675535497.067622,0.005533720015504483,0.4108268087783242,0.0022734005346424454
MDA,13308.417334626298,2538894.0,0.43173,0.4660296594661768,0.6223527965733269,0.5,0.375,0.4075954431814228,0.4814199819642096,0.3657970163040006,0.0,0.06,0.05,0.8,1.5,0.0,60.61432057556827,6.24560802507015e-05,153893334.82338682,158.56936741202452,0.008036410263296438,2661.68346692526,0.0,2.6824788423003607e-05,3.563129182769789e-05,38.44178296373121,0.1039206072614277,38.44178296373121,806.4887753738383,0.0049400962610093935,0.1,0.0,0.0,0.0,0.04,6530.209087103387,0.005602269976183808,0.0,0.03763112008414489,0.08408756107137604,95.8880178872759,243449513.28589743,0.00720506544664715,0.632136547517598,0.004554585196081869
MEX,20254.7811446095,127504125.0,0.813,0.4589684434333194,0.6860471970938798,0.8333333333333334,0.7083333333333334,0.2308702182062391,0.1708752309475034,0.1131252406351978,0.031000052181,0.06,0.05,0.8,1.5,0.0,31.771712428830043,1.9386872544524663e-05,4051024392.989599,2471.9062202761406,0.009841937825094016,8507.00808073599,0.0,1.2273883278225196e-05,7.112989266299469e-06,28.177529814926345,0.07281078369512763,28.17752981492634,1428.081965923415,0.0011304817399216253,0.084,0.0,0.0,0.0,0.08400000000000002,36847.576733074246,0.00272309498887448,0.0,0.08343304256643669,0.18209180361814611,55.885493137975374,7125630902.751055,0.002759125992968255,0.5685144864050684,0.0015686030968192217
MKD,17128.760501541892,2057679.0,0.59118,0.4800144181538514,0.4498888878447644,0.6666666666666666,0.4833333333333333,0.2633828630982844,0.2585810075757346,0.0811355635667635,0.026633504383,0.06,0.05,0.8,1.5,0.0,59.04579926173503,3.5245019586917434e-05,121497301.17908767,72.52293665858869,0.010386460105319085,2398.026470215865,0.0,2.8061946367960706e-05,7.1830732189567296e-06,54.25508506238416,0.04092643514245056,54.25508506238416,210.94319519771065,0.00323362775360177,0.07000000000000002,0.0,0.0,0.0,0.027999999999999997,9104.717148286954,0.014639452303932972,0.0,0.026553945608260802,0.048626583979605134,79.01083686214434,162578939.78366032,0.004612758573805265,0.747312667561746,0.003447172914608728
MLI,2132.6233149007703,22593590.0,0.45437,0.5736654482148582,0.7149322843255466,0.6666666666666666,0.4083333333333333,0.6798061699455986,0.0898229066596221,0.2046967450097319,0.152188068547,0.06,0.05,0.8,1.5,0.0,1.653330914531126,3.324888397941716e-05,37354680.817241296,751.2116525885199,0.0111963696525571,426.52466298015406,0.0,1.5316386931034742e-05,1.793249704838242e-05,1.3148994579026412,0.01930810478585914,1.3148994579026412,76.8502733360901,0.000906208128969234,0.1,0.0,0.0,0.0,0.04000000000000001,627.4209941552701,0.0016882816380914462,0.0,0.03956440812479585,0.12376679187867781,3.274524934046055,73983273.8046136,0.0015354445912537614,0.5049071080024558,0.0007752568880679495
MMR,4249.87615142487,54179306.0,0.31771,0.4180693914260636,0.5050952099044907,0.5,0.5,0.3419835843207797,0.0925776079354475,0.2326435109455411,0.019911567273,0.06,0.05,0.8,1.5,0.0,51.08929890793173,0.0003684933730550902,2767982758.8582993,19964.715217723886,0.009036395089175397,2124.938075712435,0.0,0.0001558587268037261,0.0002126346462513641,39.203705038244294,0.038570028284069614,39.20370503824429,895.0306836834088,0.006280197424764629,0.1,0.0,0.0,0.0,0.1,6213.5674726399975,0.004530227157874106,0.0,0.09694407746078233,0.3097918781260766,102.09255980951322,5531304038.242918,0.024022478813949512,0.5004213725589346,0.012021361820344542
MNE,22108.7307932994,617213.0,0.68164,0.4236035393738244,0.4612760789957857,0.7407407407407408,0.5328703703703704,0.3178534786705985,0.3286854960583045,0.108673281002196,0.02839832998,0.06,0.05,0.8,1.5,0.0,59.465167331288725,2.7418835453314545e-05,36702674.32404671,16.92326168664663,0.00806548666865889,5306.095390391856,0.0,1.9177441136462313e-05,8.241394316852233e-06,53.00289249205298,0.08166191457363517,53.00289249205298,584.7337032781987,0.0028650068909180123,0.08,0.0,0.0,0.0,0.04800000000000001,16693.526251731633,0.010644499150420138,0.0,0.046626248615842636,0.09663196926856558,90.13526140335453,55632655.09654866,0.004076907998295056,0.6597325664279444,0.0026896689768058112
MNG,12073.245456961598,3398366.0,0.6893,0.3822381336653206,0.5190795729867352,0.8333333333333334,0.5583333333333333,0.2291432522177423,0.2832453447452147,0.1116006504727505,0.007115855819,0.06,0.05,0.8,1.5,0.0,28.94673628925389,2.9403652725967914e-05,98371604.41636659,99.92437369973668,0.0280179791548737,2414.64909139232,0.0,2.175852156114695e-05,7.645131164820965e-06,25.716261690309995,0.06151107560615359,25.716261690309988,458.8233161943016,0.0012464157303190273,0.1,0.0,0.0,0.0,0.04000000000000001,10537.727242772176,0.002281291413338055,0.0,0.039355479025961426,0.08553597147017294,39.00653114364467,132558469.21650317,0.0032308239969686837,0.7420997315207347,0.002397593620741207
MOZ,1250.77241374562,32969518.0,0.38187,0.7136908668824892,0.7816406511355944,1.0,0.5833333333333334,0.3294826964673195,0.0764592213939791,0.2394881202233725,0.743807658951,0.06,0.05,0.8,1.5,0.0,1.5992618326541834,0.00010193709601721277,52726891.778405085,3360.816922007225,0.009568713299570177,550.3398620480729,0.0,3.61992516666911e-05,6.573784435052168e-05,1.2162576226068473,0.03377701578849501,1.2162576226068473,190.63791555950183,0.0008723042266974759,0.08800000000000002,0.0,0.0,0.0,0.08800000000000002,1670.3149147095182,0.0007949576059611835,0.0,0.08760813369510276,0.24733476080624694,4.509202078088372,148666219.079172,0.0036051339384636015,0.3546662591205434,0.0012786193675833968
MRT,5330.214502870308,4736139.0,0.56923,0.5611604077563926,0.5535284709605425,0.6666666666666666,0.6666666666666666,0.2207657857768042,0.0453410485183354,0.2533368058129641,0.064908373034,0.06,0.05,0.8,1.5,0.0,7.347479797984856,4.3121464436846e-05,34798685.6229482,204.22924945645937,0.009467930118660896,1599.0643508610929,0.0,1.587027030068499e-05,2.7251194136161005e-05,5.48609273518809,0.014932604744659784,5.486092735188089,949.429116184125,0.0005979836969666434,0.10000000000000002,0.0,0.0,0.0,0.06000000000000001,7243.261655036337,0.00032781995819856593,0.0,0.05971008715427881,0.17126423612056124,16.780717697638806,79475811.53577736,0.003148225589908704,0.4378525358911622,0.001378458558098976
MUS,22841.35054640709,1262523.0,0.4081,0.5742250470100161,0.731215591759893,0.8333333333333334,0.6916666666666667,0.3215392198399729,0.2781536837326313,0.0805241252898912,0.001253137091,0.06,0.05,0.8,1.5,0.0,72.7590627608023,2.9137645235443846e-05,91859990.1939564,36.78694727558827,0.028861937134092453,6852.40516392213,0.0,2.232099071475938e-05,6.816654520684469e-06,66.90020287507642,0.087466847799275,66.9002028750764,609.6302154480709,0.0029410485703331114,0.10000000000000002,0.0,0.0,0.0,0.060000000000000005,21311.25766658421,0.013141670709219259,0.0,0.05860289691329078,0.12643945046849808,100.58590314196474,126992016.19250274,0.004403675821952951,0.7233524826844945,0.003185409838747349
MWI,1466.8794173168403,20405317.0,0.1798,0.5417738643394608,0.5874933870575137,0.6666666666666666,0.6666666666666666,0.9707059348850776,0.1114732963835864,0.1398123694633303,0.700605987387,0.06,0.05,0.8,1.5,0.0,1.5615482454699892,5.56550982803889e-05,31863886.959608942,1135.6599230774905,0.006726375935033329,293.37588346336804,0.0,2.7941366581955847e-05,2.7713731698433055e-05,1.3432244852395239,0.018500197893059463,1.3432244852395239,25.80437600976122,0.0016670709956814142,0.1,0.0,0.0,0.0,0.04000000000000001,302.22941152420276,0.005210365092800744,0.0,0.03922249257824158,0.12596626217222137,3.126774605707144,63802827.01700429,0.002131582575087542,0.4994118356403988,0.0010645375666435578
MYS,28383.618646256495,33938221.0,0.78214,0.7205719607313039,0.8001141530107123,0.8333333333333334,0.7583333333333333,0.2494921269867408,0.153223996228461,0.0856614066853134,0.000110286496,0.06,0.05,0.8,1.5,0.0,33.24458292601381,1.0397517060304206e-05,1128262002.3958836,352.8732318438745,0.030947239960437377,9366.594153264643,0.0,7.68946949017872e-06,2.708047570125485e-06,30.396805187904917,0.05763982509319267,30.39680518790492,966.9236704661794,0.0010417867383711475,0.066,0.0,0.0,0.0,0.066,37542.64419639353,0.0042428651336056675,0.0,0.065540539994601,0.1176575123093218,49.72001904707098,1687408994.5437043,0.001751715299825892,0.6686357640881125,0.0011712594979639225
NAM,9762.776892385067,2567012.0,0.53956,0.6244079980796371,0.7936589023480551,0.6666666666666666,0.5333333333333333,0.312294397553134,0.1210603560359769,0.1952663758093465,0.156170136674,0.06,0.05,0.8,1.5,0.0,5.61844501842577,1.6932511423769565e-05,14422615.783639172,43.46596001495356,0.02358488459453333,1366.78876493391,0.0,7.101492664586431e-06,9.831018759183136e-06,4.521351621993694,0.02356643631151022,4.521351621993693,304.5536875377067,0.0005549658321146818,0.07,0.0,0.0,0.0,0.027999999999999997,4376.603537056291,0.0007771269331947771,0.0,0.02773904612551981,0.07149960356632144,16.333581508267127,41928499.734699816,0.0016730466841874943,0.3439812031171506,0.0005754966112979737
NER,1274.6417414679995,26207977.0,0.1689399999999999,0.5417738643394608,0.5874933870575137,0.6666666666666666,0.4083333333333333,0.2327884718755795,0.0524664955377859,0.1809520015768769,0.50905936535,0.06,0.05,0.8,1.5,0.0,3.1412008286259137,0.0001351248950796899,82324519.06900889,3541.3501423759258,0.0025051050948730904,254.9283482936,0.0,6.505972163673887e-05,7.006517344295103e-05,2.5727942513311106,0.010225807327723005,2.57279425133111,119.41843204921048,0.0009349854721319267,0.09999999999999999,0.0,0.0,0.0,0.04000000000000001,1095.107271591412,0.0006048437505468022,0.0,0.03954522102770326,0.12634428769080477,6.149185217380727,161157704.74585408,0.004824245917365562,0.5108320399501518,0.0024643793831890417
NGA,4963.160312959289,218541212.0,0.53521,0.5289779172613325,0.5510523804721653,0.8333333333333334,0.5416666666666667,0.3321177343594327,0.0820973080852575,0.4413239793461269,0.308632983511,0.06,0.05,0.8,1.5,0.0,4.427009643305245,3.87934145458551e-05,967484052.9836158,8477.959832469602,0.01768606489269007,992.6320625918579,0.0,8.103359380019615e-06,3.069005516583548e-05,2.4732641309180967,0.013375817729560669,2.4732641309180963,585.989321062676,0.0006143028931616982,0.1,0.0,0.0,0.0,0.039999999999999994,2988.7957188024975,0.0003340762660818772,0.0,0.03969829889316097,0.10233470263516851,13.564239906296365,2964345428.980774,0.0027329844395472844,0.32637358774893666,0.0008919739367970641
NIC,5822.353524705861,6948392.0,0.59556,0.5839488873340655,0.7084046503084342,0.6666666666666666,0.4666666666666667,0.2651014158493167,0.1522560130393254,0.1876546048959254,0.039410286567,0.06,0.05,0.8,1.5,0.0,25.330184207598496,0.00010521800357606148,176004049.30660373,731.095934303877,0.006095114247741603,2911.1767623529304,0.0,5.822551065490973e-05,4.6992492921151745e-05,20.576858498180595,0.10519589231631962,20.57685849818059,812.052242947573,0.003210391518433187,0.09999999999999999,0.0,0.0,0.0,0.1,10981.370103310346,0.004873587658039102,0.0,0.0985228069098189,0.23679678342547672,46.745296047133664,324804641.09153515,0.008028591161423024,0.5418766453432633,0.004350506045384482
NLD,59249.1670039699,17700982.0,0.92886,0.6848459183373843,0.8870013062547625,0.8333333333333334,0.9166666666666669,0.2157709406280088,0.4384366333776141,0.15911231849513,0.0002796322,0.06,0.05,0.8,1.5,0.0,33.469272027081495,3.622089952480072e-06,592438981.7044731,64.11454905123061,0.0329512749382617,11885.382900996363,0.0,2.1016123950322695e-06,1.5204775574478023e-06,28.143898556508365,0.0905627462744256,28.143898556508365,3034.3402144856145,0.00035506016256826476,0.05015,0.0,0.0,0.0,0.04012,55083.3345139227,0.0006434621938827536,0.0,0.03995969546219355,0.08616585642013685,52.237526551578476,924655517.2140126,0.0008816584129879561,0.6407131852622173,0.0005648901700987448
NOR,67296.15923936607,5457127.0,0.83664,0.7135282568782568,0.7628501843403923,1.0,1.0,0.2377352471442723,0.4594520981887009,0.028886040177446,0.001565339637,0.06,0.05,0.8,1.5,0.0,14.787430036146569,9.674877149161756e-07,80696883.71086642,5.279703331237364,0.0809129155757488,6729.615923936607,0.0,8.945940020949347e-07,7.289371282124094e-08,14.360279738001273,0.048518425235530724,14.360279738001267,215.7371170146772,0.00019799573854333157,0.1,0.0,0.0,0.0,0.019999999999999997,28307.18627033316,0.0011879744312599894,0.0,0.019910936468097575,0.03447031351831795,16.89004773838866,92171135.54444969,0.00025098085729249956,0.8755114411273605,0.00021973661206353668
NPL,4001.69995474296,30547580.0,0.21451,0.543613903690862,0.4001534455167152,0.6666666666666666,0.6666666666666666,0.3106478259785661,0.3053614946613031,0.2952659944107688,0.082404990953,0.06,0.05,0.8,1.5,0.0,23.687525936800476,0.00018707013441143596,723596593.5564876,5714.539896544093,0.01608807410187866,800.3399909485921,0.0,7.383529295162045e-05,0.00011323484145981549,16.693405035940213,0.05512021809314895,16.69340503594021,357.71990382877675,0.0036940941634687322,0.1,0.0,0.0,0.0,0.04000000000000001,2576.357933384711,0.003238917816249361,0.0,0.03825860829281357,0.10825331353185857,47.355588909753756,1446598640.6678157,0.011833867967443734,0.500205498065754,0.005919365820699565
PAK,5376.96685550493,235824862.0,0.37731,0.5128272667527066,0.568250477707138,0.8333333333333334,0.5083333333333333,0.6522309077626153,0.1633169134224105,0.2230725230126806,0.049324480598,0.06,0.05,0.8,1.5,0.0,15.491187995008298,8.419075866441222e-05,3653207271.138888,19854.274043710313,0.002372327576249964,2688.483427752465,0.0,3.33489325389817e-05,5.084182612543052e-05,12.035529604498047,0.07182816190934364,12.035529604498047,407.1430601969911,0.004266975700379952,0.09999999999999999,0.0,0.0,0.0,0.1,4121.981028122268,0.01015624478206228,0.0,0.09797213747456911,0.2503378744259572,33.19483102161163,7828166444.784881,0.006173523459164865,0.4666747056167479,0.0028810272429238507
PAN,33266.4768445342,4408581.0,0.6914100000000001,0.4490213142084069,0.5925990436210657,0.8333333333333334,0.7083333333333334,0.2486707684382412,0.1649804899897565,0.1663068369330726,0.011082572996,0.06,0.05,0.8,1.5,0.0,72.26618490076157,2.1127128014619236e-05,318591329.69598436,93.14065514981807,0.010818754671380954,11975.931664032312,0.0,1.34550603433121e-05,7.672067671307133e-06,60.247824272695354,0.07284116940948138,60.24782427269535,2128.431744768538,0.0024339918736867687,0.07200000000000001,0.0,0.0,0.0,0.07200000000000001,48159.78870072379,0.006433461188105749,0.0,0.07086834123382207,0.11659288993234485,128.18897545961428,565131481.6207218,0.0038533980036024222,0.5637472695421372,0.002172342602989988
PER,12743.9423914767,34049588.0,0.78708,0.4081936571991137,0.5886502528665168,0.8333333333333334,0.7333333333333334,0.2774178440794039,0.1392289979047943,0.1887045718235737,0.02871748751,0.06,0.05,0.8,1.5,0.0,35.96852731103404,5.262826929852176e-05,1224713535.9074569,1791.970886767715,0.0102113630212949,2676.2279022101065,0.0,2.4307912509359215e-05,2.832035678916255e-05,29.181101765680843,0.031034037883822415,29.181101765680843,741.9669453202337,0.002391805720901139,0.07,0.0,0.0,0.0,0.04200000000000001,9646.92055441143,0.0038253105530344335,0.0,0.04091067553131594,0.10252734604874894,75.71375539515321,2578022177.137744,0.005941156438826299,0.4750593485069233,0.002822401907206534
PHL,8581.93769298126,115559009.0,0.47977,0.7435303007378833,0.7720637561070226,0.6666666666666666,0.6416666666666666,0.3459349526152716,0.3634227780965776,0.1547178528428081,0.067541309528,0.06,0.05,0.8,1.5,0.0,55.516111238366975,0.00010810891147351697,6415386798.23945,12492.958673948351,0.019125669775791054,4290.968846490631,0.0,7.023574858332206e-05,3.787316289019492e-05,46.92677770938434,0.17064735009664625,46.92677770938434,837.7588414076665,0.005841883478438601,0.1,0.0,0.0,0.0,0.10000000000000002,12403.975990430758,0.013884818187289559,0.0,0.0976630645810545,0.2355782973537746,85.94874314152699,9932151582.230406,0.010015074242710965,0.6459211526450328,0.006468948298677445
POL,37706.606128398096,36821749.0,0.60134,0.4511059052135772,0.8727116904104149,0.8333333333333334,0.775,0.421586230542222,0.3977643288747975,0.1127707987408702,0.0,0.06,0.05,0.8,1.5,0.0,13.13953974996859,2.328275595052034e-06,483820834.64886624,85.73117956383165,0.018940737148442806,3921.4870373534022,0.0,1.742270941778071e-06,5.860046532739634e-07,11.65778335727722,0.04627171352509172,11.65778335727722,280.56560952452344,0.0005435073897912295,0.052,0.0,0.0,0.0,0.020800000000000003,9301.743636906243,0.0026541436660204583,0.0,0.020531152571216786,0.03896731160462401,17.04749424941571,627718554.3309287,0.0004521089538359878,0.7707607674024548,0.00034846784420814695
PRT,35767.7225752854,10409704.0,0.67381,0.598726219230438,0.7055610005708771,0.8333333333333334,0.7416666666666667,0.1251835191172326,0.4001928022987026,0.1304590331653514,0.004722897288,0.06,0.05,0.8,1.5,0.0,22.497955789688376,4.754791039135603e-06,234197060.37574226,49.49596729925404,0.029867211242712327,7511.221740809935,0.0,3.30567473433772e-06,1.4491163047978829e-06,19.562894229168812,0.08697523534573849,19.56289422916881,2489.061895533867,0.0002629806084733163,0.07,0.0,0.0,0.0,0.042,60001.68228036296,0.0003195261177806191,0.0,0.04187496506449738,0.0823366939636363,32.16387518348783,334816420.153054,0.0008992430288450141,0.6994790167957837,0.0006290016296769731
PRY,13531.396663349,6780744.0,0.62818,0.4804687854724018,0.7176617515975888,0.8333333333333334,0.6583333333333333,0.3203902747508443,0.1117582143593122,0.1867608220925649,0.013295584114,0.06,0.05,0.8,1.5,0.0,25.062320786764737,3.36776823613496e-05,169941181.30093023,228.3597426056271,0.003031994205309951,1894.3955328688598,0.0,1.620789201919488e-05,1.7469790342154716e-05,20.381661153080977,0.018337751822543373,20.381661153080977,344.2384041792492,0.00177964237431237,0.07,0.0,0.0,0.0,0.028000000000000004,5912.774769278067,0.003292038630576188,0.0,0.027137963645646915,0.05671755639488952,53.00979617827922,359445857.37708974,0.003917540627706303,0.47278659028374137,0.001852160675671291
ROU,32495.9091605714,19047009.0,0.54489,0.4036449922733403,0.6413961129308042,0.8333333333333334,0.6916666666666667,0.3181439389878922,0.4483897853104043,0.112535071842616,0.014093622224,0.06,0.05,0.8,1.5,0.0,53.28272232981513,1.3000398016060442e-05,1014876491.7604897,247.61869801548536,0.010270738625536631,3574.550007662854,0.0,9.427255270666765e-06,3.5731427453936756e-06,47.28654734445922,0.052523691268917816,47.28654734445922,292.64724464130444,0.002068184021173744,0.055,0.0,0.0,0.0,0.022,11235.637614328063,0.00853454341960809,0.0,0.0210187658687537,0.03491086362312494,76.15522170279309,1450529193.1700952,0.0023435325759463685,0.6996594736176956,0.0016396747684925585
RUS,27450.449218749993,144236933.0,0.75126,0.3801271692176262,0.6815236532653175,0.7407407407407408,0.6537037037037037,0.2324524602368638,0.23305461210559,0.0479077985311195,0.000101642723,0.06,0.05,0.8,1.5,0.0,40.73584780215126,1.1991810002407818e-05,5875613750.137088,1729.6618958660263,0.014696078450979314,11254.684179687498,0.0,9.76065730572557e-06,2.2311526966822485e-06,38.78428301265145,0.1105204160825231,38.78428301265145,850.2491124929494,0.0010154218536557159,0.082,0.0,0.0,0.0,0.082,48417.14373863468,0.0043519054310132204,0.0,0.08149212326732765,0.19761264652418528,54.53922004410404,7866569827.373692,0.001986824317864026,0.7469092474958305,0.0014839774561622367
RWA,2364.8019699513807,13776698.0,0.17721,0.5417738643394608,0.5874933870575137,0.6666666666666666,0.5,0.585174807157438,0.0885339467062773,0.1265085658554114,0.520053934004,0.06,0.05,0.8,1.5,0.0,5.654800179717734,9.7643997294163e-05,77904474.32631694,1345.2118622345008,0.018912786944246293,472.9603939902762,0.0,5.239705903909786e-05,4.5246938255065133e-05,4.93941951878272,0.01659218675028028,4.939419518782721,63.91628531113558,0.002144059599827476,0.09999999999999999,0.0,0.0,0.0,0.04000000000000001,808.2377918621313,0.004254171009664966,0.0,0.03903161678041914,0.12792828732030967,11.22891301952812,154697343.538307,0.004748352361935397,0.5035928384059537,0.0023912362436986612
SDN,3570.607421875,46874204.0,0.35956,0.5417738643394608,0.5874933870575137,0.6666666666666666,0.6666666666666666,0.6196936360546678,0.0613748950112631,0.194452938377195,0.152630599415,0.06,0.05,0.8,1.5,0.0,21.233570163440028,0.00022126917333451513,995306699.4894011,10371.816369793421,0.0075102305579749905,714.1214843749999,0.0,9.059844169876533e-05,0.00013067073163574978,17.10464005292077,0.011797429534529408,17.104640052920775,126.46784676287845,0.006958903551545535,0.1,0.0,0.0,0.0,0.04000000000000001,1152.3782766618601,0.011852073411196137,0.0,0.03682070585438864,0.1186775986960735,47.21000738722506,2212931517.1102943,0.01322184205914021,0.4497684143380539,0.0059467669375676815
SEN,3564.6281367603196,17316449.0,0.4908599999999999,0.5152567271479656,0.5605653897527616,0.6666666666666666,0.5208333333333333,0.3456410886964015,0.1432665701184171,0.2235297382817443,0.092225657019,0.06,0.05,0.8,1.5,0.0,0.9028204694039086,1.134652579726652e-05,15633644.614588844,196.48153529555003,0.008788562310997146,1069.388441028096,0.0,3.838153701479089e-06,7.508372095787431e-06,0.7010132461626513,0.038931349415601585,0.7010132461626514,285.70969291735537,0.0002303150893615789,0.10000000000000002,0.0,0.0,0.0,0.06,3093.9274177770217,0.00028184111885799475,0.0,0.05988591643625787,0.1504617696404496,2.4148171473722324,41816057.976796746,0.0006774387270496376,0.37386701116742704,0.0002532719921311144
SLE,1634.76383028533,8605718.0,0.43831,0.5491767239521866,0.6367706572695015,0.6666666666666666,0.6666666666666666,0.944750855404646,0.0398238427524103,0.2045807355871224,0.260620341212,0.06,0.05,0.8,1.5,0.0,0.6664701382427036,2.362196127309898e-05,5735454.065137722,203.28393732321078,0.004866959055285003,490.429149085599,0.0,9.132466478952493e-06,1.4489494794146485e-05,0.5301231871141601,0.010991584806105481,0.5301231871141602,61.40628488867797,0.0007523175270619215,0.10000000000000002,0.0,0.0,0.0,0.06000000000000001,519.1095051991707,0.0020013500332108493,0.0,0.05963402090119374,0.18468138531191394,1.5613435860162126,13436482.602364268,0.0009550881644743126,0.426856807311202,0.0004076858845882213
SLV,9396.01377999827,6336392.0,0.74767,0.6260676719994388,0.6018148665312423,0.6666666666666666,0.4333333333333333,0.3021237805974837,0.3541452756014177,0.2134645321520407,0.033633981754,0.06,0.05,0.8,1.5,0.0,37.04427286459757,6.349842316185532e-05,234727034.22505316,402.35090053539477,0.007754359355434405,4698.006889999136,0.0,3.817494006318587e-05,2.5323483098669458e-05,29.136634488643725,0.18859826500870772,29.136634488643715,1461.8878405378814,0.003440710221306826,0.1,0.0,0.0,0.0,0.10000000000000002,15549.940758414641,0.005799364161702242,0.0,0.09854674331337282,0.2364733680150223,57.83335781702705,366454825.8049477,0.006155095040424441,0.6405347063160002,0.003942551994065339
SRB,20885.8886079244,6664449.0,0.56873,0.5111993892256985,0.4529391405030171,0.6666666666666666,0.575,0.2280092387089795,0.3606228721441133,0.1900181729016977,0.015570310022,0.06,0.05,0.8,1.5,0.0,133.92948865813884,6.990902621377281e-05,892566246.7582448,465.90513984135197,0.013251945495258504,2924.024405109416,0.0,4.1235928156534365e-05,2.8673098057238437e-05,108.48045192566067,0.06044352898898775,108.48045192566066,658.7603778489176,0.004825961593097347,0.06999999999999999,0.0,0.0,0.0,0.028,12824.14880057341,0.007335029180164319,0.0,0.025796959325300878,0.05699456851776027,211.0146893561195,1406296635.4647012,0.01010321817363603,0.634692727159446,0.0064124390957119295
SVK,33176.1845690068,5431752.0,0.53909,0.5623022545867079,0.722720016733458,0.5,0.6333333333333333,0.2183933068719898,0.3449922278949884,0.1152014023648334,0.001181162619,0.06,0.05,0.8,1.5,0.0,34.86942789485123,8.170422952218397e-06,189402084.7067139,44.37971121155818,0.032356182398577335,3649.3803025907473,0.0,5.435679967606773e-06,2.7347429846116238e-06,30.85242090170493,0.03996442986698898,30.852420901704924,429.46513046780876,0.0008393336715831559,0.05499999999999999,0.0,0.0,0.0,0.022,16710.12887189722,0.002679837826360441,0.0,0.021605820193037382,0.03341430260887058,49.372395198924224,268178606.36654705,0.0014881878624779514,0.7062535198942708,0.0010510379161389842
SVN,41015.22523123071,2111986.0,0.55751,0.6681934502451844,0.8089815273683201,0.8333333333333334,0.8,0.1574427097328758,0.4398151301988858,0.132217876605321,0.0,0.06,0.05,0.8,1.5,0.0,170.3462736315438,2.490720872581572e-05,359768945.06198967,52.60367612800064,0.021896738664617738,4511.674775435378,0.0,1.8914751526440392e-05,5.992457199375331e-06,147.82345104435214,0.05217028119373607,147.8234510443521,999.0940657601411,0.0024813520880072547,0.055,0.0,0.0,0.0,0.022000000000000006,28655.977676515366,0.004618633513256771,0.0,0.0210045010038281,0.035783471760738456,206.8915300396675,436952014.96235716,0.005044261707043647,0.8233603067215133,0.004153244866295041
SWE,55359.342654144275,10486941.0,0.88492,0.5999160592339046,0.781263006247547,0.8333333333333334,0.9166666666666669,0.2217019006714324,0.4707487381207103,0.081562905324671,0.003890895303,0.06,0.05,0.8,1.5,0.0,12.769521521219634,1.202935353872091e-06,133913218.79126056,12.61511208287074,0.04385105112154871,6089.527691955871,0.0,9.890590295884005e-07,2.1387632428369048e-07,11.72800224634305,0.05519495192140291,11.728002246343047,587.8066986448266,0.00019381065406728809,0.05499999999999999,0.0,0.0,0.0,0.022,27467.187577163342,0.0007690189549796493,0.0,0.021908419487586376,0.03821683217175176,15.66854523473068,164315109.43245178,0.00028303344085242154,0.8149781188948474,0.00023066606121024255
SWZ,9058.58317666301,1201670.0,0.24576,0.5611604077563926,0.5535284709605425,0.8333333333333334,0.5416666666666667,0.3140405796118398,0.2082905900785781,0.1122188517799843,0.360798469645,0.06,0.05,0.8,1.5,0.0,16.154540146196045,3.297211280248806e-05,19412426.2574794,39.621598791365834,0.01395872283253011,1811.7166353326027,0.0,2.335636269476351e-05,9.615750107724553e-06,14.341696199956267,0.05504931303274567,14.341696199956267,328.7032888559662,0.0010550454542498265,0.1,0.0,0.0,0.0,0.04000000000000001,5769.052641451366,0.0020985043669051696,0.0,0.039493561052698745,0.11387396251121534,28.42740334484586,34160357.777400926,0.0031381732430388644,0.5682735053296736,0.001783340709153485
TCD,1412.67071848127,17723315.0,0.2406299999999999,0.5417738643394608,0.5874933870575137,0.6666666666666666,0.6666666666666666,0.5538995526753602,0.0382483472253901,0.2715017970512869,0.308829425857,0.06,0.05,0.8,1.5,0.0,1.4830842476300852,5.6796844009914966e-05,26285169.292286,1006.628357393586,0.0076220601158270744,282.534143696254,0.0,2.3602984775450187e-05,3.319385923446478e-05,1.080424209220061,0.007523424216380373,1.080424209220061,78.03971630607514,0.0008501570278360614,0.1,0.0,0.0,0.0,0.04000000000000001,510.0819134653588,0.0010227554265268572,0.0,0.03958635841742505,0.12139318843620128,3.0156825236152787,53447891.30602852,0.002134738466765539,0.4917905767653968,0.0010498442618139033
TGO,2202.72681593814,8848699.0,0.43921,0.2310059058933776,0.2213117947783162,0.5,0.3875,0.3975163837569679,0.0765943109375695,0.1416824191406746,0.284347965949,0.06,0.05,0.8,1.5,0.0,1.064004551341841,2.0142521215519707e-05,9415056.009453997,178.23510733724802,0.011642369679412456,440.545363187628,0.0,1.074924792866044e-05,9.393273286859268e-06,0.9132538125310407,0.015307834078948316,0.9132538125310408,86.20577231359772,0.0003097718757986618,0.1,0.0,0.0,0.0,0.04,1108.2445433418088,0.0004517356992010057,0.0,0.039829105192320594,0.12096089369856905,2.0823550867279415,18426133.37357445,0.0009453533101157928,0.5109621111804418,0.00048303972314818434
THA,17507.620193015195,71697030.0,0.5288900000000001,0.5344902107790523,0.8102517276526173,0.8333333333333334,0.7416666666666667,0.2661875047234859,0.7860468255111798,0.2182735506408119,0.000139610218,0.06,0.05,0.8,1.5,0.0,0.0,0.0,3957095158.2064643,0.0,0.0,0.0,0.0,0.0,0.0,0.0,0.0,0.0,0.0,0.0,0.0,0.0,0.0,0.0,0.0,0.0,0.0,0.0,0.0,0.0,0.0,0.0,0.0,,
TJK,4137.2775995373595,9952787.0,0.27968,0.5838001143080322,0.4259505588243692,0.6666666666666666,0.4583333333333333,0.1088615328715904,0.371848570361724,0.0227576580547934,0.06114529141,0.06,0.05,0.8,1.5,0.0,100.17570172627524,0.00043930848788618297,997027421.8571497,4372.343807223259,0.001065165090212442,827.4555199074719,0.0,0.0004174509949853014,2.1857492900881583e-05,97.8959373609897,0.07852832209231493,97.89593736098969,76.23115923043584,0.005554537892769704,0.1,0.0,0.0,0.0,0.039999999999999994,7600.990892563601,0.024367815510707734,0.0,0.03759054516216157,0.0931672044561938,116.90728830346836,1163553339.232012,0.028257056842533657,0.8568815783857614,0.02421295146776642
TUN,10569.050828623,12356117.0,0.70214,0.394376725177459,0.4412589316497723,0.6666666666666666,0.4458333333333333,0.4027351818419936,0.2464652014178257,0.131848657738483,0.001400615474,0.06,0.05,0.8,1.5,0.0,12.440656841576555,1.9832513939666218e-05,153718211.4913704,245.05286264264677,0.011012787986110203,2536.5721988695204,0.0,1.1171507374487642e-05,8.661006565178577e-06,10.80037293562961,0.05992485682345478,10.800372935629612,343.0924449579716,0.0012374337940212568,0.08,0.0,0.0,0.0,0.04800000000000001,6298.36257976762,0.0036470915864426695,0.0,0.04739507486866977,0.12059006453120827,21.54922957698441,266264801.91307986,0.002038899228171464,0.5773133000942067,0.001177083641975199
TUR,33149.4982176858,84979913.0,0.77022,0.5962344510255896,0.5318317477587753,0.8333333333333334,0.575,0.2319172126673958,0.2498199880946895,0.1015508049693803,0.003606097893,0.06,0.05,0.8,1.5,0.0,189.553825754577,4.608465711018904e-05,16108267621.44111,3916.270151858696,0.007628451016421101,7955.879572244592,0.0,3.44381413900233e-05,1.164651572016574e-05,170.30448216417406,0.06264731933001468,170.30448216417403,1068.2826869396604,0.004279789558932749,0.08,0.0,0.0,0.0,0.048,34304.82576407349,0.012806013237293547,0.0,0.046258205141703486,0.0816678147770765,278.14534679014974,23636767371.581753,0.0083906352055053,0.6814919895014036,0.005718150679380325
TZA,2623.86157226563,65497748.0,0.36682,0.6578896413368731,0.6575202523180379,0.6666666666666666,0.4833333333333333,0.3392861218722182,0.059817940503309,0.3377571472599692,0.449493228434,0.06,0.05,0.8,1.5,0.0,5.182558043970749,0.00013116778435322968,339445880.7593691,8591.194485286182,0.006259409830772067,1311.930786132815,0.0,3.0169827543547e-05,0.00010099795680968268,3.432112023529984,0.025877331627850095,3.4321120235299833,611.7912280856707,0.0013862536968680976,0.1,0.0,0.0,0.0,0.10000000000000002,3866.7387245120326,0.0008953102322780098,0.0,0.09938278719058961,0.2745226579525583,17.62944179362178,1154688735.9793074,0.006718891720495474,0.29397176068534203,0.0019751644289282217
UGA,2280.07374296159,47249585.0,0.26159,0.5970655828189557,0.6377919103780404,0.8333333333333334,0.5666666666666667,0.5221099997715624,0.0752840463835214,0.2526489860290942,0.422077286299,0.06,0.05,0.8,1.5,0.0,2.600676753380803,6.97783068201422e-05,122880897.31639028,3296.996039254388,0.015884291980914674,456.014748592318,0.0,2.158002296584436e-05,4.8198283854297836e-05,1.9436184086497068,0.013942850585644002,1.9436184086497066,111.95283746177338,0.0011709208465902222,0.09999999999999999,0.0,0.0,0.0,0.04000000000000001,873.4074214089695,0.001403439785303905,0.0,0.03946325089651037,0.11473438054973126,7.597028699086794,358956453.26494086,0.003331922365466568,0.34232814648882653,0.0011406108076148368
UKR,10731.4404296875,38000000.0,0.69919,0.2250438577946273,0.6969583965697432,0.6666666666666666,0.375,0.0888663493953984,0.4204667183764806,0.1117771414999042,0.000288256089,0.06,0.05,0.8,1.5,0.0,177.65199312097954,0.00020176844745562093,6750775738.597223,7667.201003313596,0.010542940107839412,2146.2880859375,0.0,0.0001520989247630325,4.966952269258842e-05,157.79456114815594,0.0911838231963604,157.7945611481558,1050.9902938665946,0.003755989147531924,0.09999999999999999,0.0,0.0,0.0,0.04,24151.865138376383,0.002998474989708174,0.0,0.03800524852776503,0.09711842475654112,224.30568505101837,8523616031.938698,0.020901731367813235,0.792008428500475,0.016554347413560846
URY,24426.6593485458,3422794.0,0.95688,0.5714973299953743,0.6759697145688666,0.6666666666666666,0.6333333333333333,0.2244433082155382,0.2904803066070027,0.1756774126050785,0.001121549992,0.06,0.05,0.8,1.5,0.0,13.813886272148189,6.550331675241076e-06,47282087.04899119,22.420435956025106,0.009031461188434226,2931.1991218254957,0.0,3.595527550628246e-06,2.9548041246128302e-06,11.387098473836383,0.035721469426674715,11.387098473836382,712.0089671643267,0.00039038716840916624,0.06,0.0,0.0,0.0,0.024,13059.864181874364,0.0005644075638969821,0.0,0.023812662984668703,0.047563622939328365,25.00687393485857,85593378.06299031,0.0010237533335211192,0.552403563441498,0.0005655249895221786
USA,64623.1256297446,333287557.0,0.83084,0.6345556717069485,0.8357908319441981,0.8333333333333334,0.9083333333333332,0.2978017155296604,0.3938752332492534,0.0611832810894818,0.002487189622,0.06,0.05,0.8,1.5,0.0,61.38693550651952,5.060680167480097e-06,20459501766.68445,1686.6617297777923,0.0405138480215928,20162.415196480317,0.0,4.1786060758766454e-06,8.820740916034516e-07,57.63108137620226,0.13012426503837785,57.63108137620225,1748.6811909801545,0.001000259205073365,0.06240000000000001,0.0,0.0,0.0,0.06240000000000001,67704.16067153978,0.0051395316832917644,0.0,0.061943126959131345,0.15645619111464487,83.13632648373941,27708303151.71991,0.0012864795020913317,0.7383888379831909,0.0009499221046384124
UZB,8073.210439442319,35648100.0,0.50466,0.7341401375655401,0.3943439339526184,0.6666666666666666,0.5333333333333333,0.3463946877660698,0.2953986879873456,0.1741301772780207,0.815035268847,0.06,0.05,0.8,1.5,0.0,45.67264564408937,9.504296209885516e-05,1628143039.1850624,3388.101017196199,0.0026402522960207887,1614.6420878884642,0.0,5.933810929323003e-05,3.570485280562513e-05,37.719659761327875,0.06278449321676163,37.71965976132787,377.4747092205809,0.0035847628537277665,0.1,0.0,0.0,0.0,0.04000000000000001,4661.278434439726,0.006634927741996149,0.0,0.03848952618707248,0.11245700725022581,68.94287224680306,2457682404.14126,0.008539709544789904,0.6624708857587123,0.005657308946259097
VNM,11396.5313049957,98186856.0,0.38766,0.6457157604166694,0.8758079182053924,0.8333333333333334,0.65,0.3685205824381082,0.1344958830320623,0.1992186637239551,0.00654621488,0.06,0.05,0.8,1.5,0.0,58.083982460330795,9.947459148266339e-05,5703083621.739026,9767.097389567098,0.017474134226143977,5014.473774198108,0.0,4.440372976894888e-05,5.507086171371453e-05,46.512569090818054,0.05074635637365539,46.51256909081805,906.0766460610314,0.006006471945270616,0.08800000000000001,0.0,0.0,0.0,0.08800000000000002,13607.03855676846,0.013727523768619914,0.0,0.08548313788968462,0.17763625339210865,121.02391449138275,11882957664.721712,0.010619364019851514,0.4799380577337592,0.005096636942055301
ZAF,13478.753856623596,59893885.0,0.6833499999999999,0.554874979276625,0.5776672967286375,0.8333333333333334,0.625,0.2609504893395919,0.3970481022953466,0.2225089674567882,0.204925572138,0.06,0.05,0.8,1.5,0.0,21.294381363603428,2.402199533817525e-05,1275403228.5378067,1438.7706262552044,0.025264050274123484,2749.665786751214,0.0,1.721639422344202e-05,6.805601114733225e-06,16.556190553756956,0.12464307494052346,16.556190553756956,1156.7381436616834,0.0009042493683829695,0.068,0.0,0.0,0.0,0.04079999999999999,10537.116805988795,0.0015999163554855154,0.0,0.04037831388977482,0.11425920564092878,37.59098381875958,2251470061.8776474,0.002788906468552135,0.5664757662707561,0.001579847928830539
ZMB,3365.87377980882,20017675.0,0.45761,0.6828507294943291,0.6888500976994525,0.8333333333333334,0.425,0.1999607740585774,0.0204125907990442,0.2157605312148136,0.607930948164,0.06,0.05,0.8,1.5,0.0,7.237356208319744,0.0001339738049502006,144875044.43737695,2681.844086006507,0.00814659971657378,673.1747559617639,0.0,4.224753113136719e-05,9.172627381883342e-05,5.675820388221847,0.0030210253871556765,5.675820388221847,333.77614175108374,0.0009646476445229437,0.1,0.0,0.0,0.0,0.04,3366.5340571474344,0.0005681849124192472,0.0,0.03957059978726765,0.10980553838001866,26.161740327192863,523697215.3041404,0.007772644501446171,0.27663894365609687,0.0021502161642944382
ZWE,2207.9570327935,16320537.0,0.32395,0.6335344881121437,0.7609969029767572,0.8333333333333334,0.8333333333333334,0.6916635274013144,0.1224291691864558,0.3176714089489739,0.397545332282,0.06,0.05,0.8,1.5,0.0,1.4345325260524826,4.2361078746618936e-05,23412341.169143006,691.355553044108,0.004086048603602611,441.5914065587,0.0,1.1604593396008379e-05,3.075648535061056e-05,0.9788225573182601,0.022092972398604444,0.97882255731826,97.75158395296816,0.0009586284666426358,0.1,0.0,0.0,0.0,0.04000000000000001,638.4483047961576,0.0013249876077806922,0.0,0.039551011726280075,0.11012244296309813,4.394939870669702,71727778.77204008,0.0019905006326636884,0.3264054954712926,0.0006497103452405127
