iso3,pov_line,pov_headcount
AGO,0.0,0.0
AGO,2.15,0.311220062314
AGO,3.2,0.470206220195
AGO,3.22,0.47264848591260006
AGO,3.25,0.476311884489
AGO,3.65,0.529023264215
AGO,4.3,0.603329063633
AGO,5.45,0.69608275757
AGO,5.47,0.6975319048728
AGO,5.5,0.699705625827
AGO,6.85,0.77974702093
AGO,7.0,0.786859173492
AGO,7.3,0.7990704738096001
AGO,7.5,0.807211340688
AGO,10.0,0.887011655944
AGO,10.27,0.89056301147248
AGO,15.0,0.952777499064
AGO,inf,1.0
ALB,0.0,0.0
ALB,2.15,0.000212773636
ALB,3.2,0.00781930267
ALB,3.22,0.00781930267
ALB,3.25,0.00781930267
ALB,3.65,0.014779634829
ALB,4.3,0.033033096347
ALB,5.45,0.070016710955
ALB,5.47,0.0702937465662
ALB,5.5,0.070709299983
ALB,6.85,0.136719909201
ALB,7.0,0.146448574777
ALB,7.3,0.16615115675679998
ALB,7.5,0.17928621141
ALB,10.0,0.355748850656
ALB,10.27,0.37242486569868194
ALB,15.0,0.664563944039
ALB,inf,1.0
ARE,0.0,0.0
ARE,2.15,0.0
ARE,3.2,0.0
ARE,3.22,0.0
ARE,3.25,0.0
ARE,3.65,0.0
ARE,4.3,0.0
ARE,5.45,0.000994858517
ARE,5.47,0.0010341709065999993
ARE,5.5,0.001093139491
ARE,6.85,0.003808485001
ARE,7.0,0.00411769357
ARE,7.3,0.0047427865929999995
ARE,7.5,0.005159515275
ARE,10.0,0.010636372763
ARE,10.27,0.011308383095227999
ARE,15.0,0.023081008545
ARE,inf,1.0
ARG,0.0,0.0
ARG,2.15,0.009588466405
ARG,3.2,0.017669459796
ARG,3.22,0.017729408680400002
ARG,3.25,0.017819332007
ARG,3.65,0.024868479612
ARG,4.3,0.038000820233
ARG,5.45,0.066589990757
ARG,5.47,0.0670001833538
ARG,5.5,0.067615472249
ARG,6.85,0.10620059695
ARG,7.0,0.111633490535
ARG,7.3,0.1223449919942
ARG,7.5,0.129485992967
ARG,10.0,0.22308763941
ARG,10.27,0.232449709883652
ARG,15.0,0.396459314848
ARG,inf,1.0
ARM,0.0,0.0
ARM,2.15,0.005235208329
ARM,3.2,0.05045514591
ARM,3.22,0.05178280559120001
ARM,3.25,0.053774295113
ARM,3.65,0.086725052678
ARM,4.3,0.155473996602
ARM,5.45,0.31420064486
ARM,5.47,0.3177916680483999
ARM,5.5,0.323178202831
ARM,6.85,0.517406980197
ARM,7.0,0.540793092282
ARM,7.3,0.5814910763472
ARM,7.5,0.608623065724
ARM,10.0,0.812463804373
ARM,10.27,0.819568639889914
ARM,15.0,0.944034832464
ARM,inf,1.0
AUS,0.0,0.0
AUS,2.15,0.004970939722
AUS,3.2,0.004970939722
AUS,3.22,0.004970939722
AUS,3.25,0.004970939722
AUS,3.65,0.0073823462
AUS,4.3,0.0073823462
AUS,5.45,0.0073823462
AUS,5.47,0.0073823462
AUS,5.5,0.0073823462
AUS,6.85,0.009842698093
AUS,7.0,0.009842698093
AUS,7.3,0.0114338435986
AUS,7.5,0.012494607269
AUS,10.0,0.014924493707
AUS,10.27,0.015738376785818
AUS,15.0,0.029996402574
AUS,inf,1.0
AUT,0.0,0.0
AUT,2.15,0.006835775451
AUT,3.2,0.008875288235
AUT,3.22,0.008875288235
AUT,3.25,0.008875288235
AUT,3.65,0.008875288235
AUT,4.3,0.009244390983
AUT,5.45,0.009753083259
AUT,5.47,0.009753083259
AUT,5.5,0.009753083259
AUT,6.85,0.010466111045
AUT,7.0,0.01070214869
AUT,7.3,0.010905196649
AUT,7.5,0.011040561955
AUT,10.0,0.015009666383
AUT,10.27,0.015505642575091998
AUT,15.0,0.024194410681
AUT,inf,1.0
AZE,0.0,0.0
AZE,2.15,0.0
AZE,3.2,0.001017728136
AZE,3.22,0.0011885337180000007
AZE,3.25,0.001444742091
AZE,3.65,0.003148620803
AZE,4.3,0.020265706122
AZE,5.45,0.109734425267
AZE,5.47,0.11190524348259996
AZE,5.5,0.115161470806
AZE,6.85,0.313464002011
AZE,7.0,0.336109295727
AZE,7.3,0.38501216428979995
AZE,7.5,0.417614076665
AZE,10.0,0.698163410487
AZE,10.27,0.708837945458916
AZE,15.0,0.895839984041
AZE,inf,1.0
BDI,0.0,0.0
BDI,2.15,0.651328928523
BDI,3.2,0.827005607934
BDI,3.22,0.8281692746684
BDI,3.25,0.82991477477
BDI,3.65,0.866650999875
BDI,4.3,0.902861706591
BDI,5.45,0.942506859339
BDI,5.47,0.9431185847398
BDI,5.5,0.944036172841
BDI,6.85,0.96482768675
BDI,7.0,0.966735299228
BDI,7.3,0.9699745854853999
BDI,7.5,0.972134109657
BDI,10.0,0.986961904668
BDI,10.27,0.9874908258606541
BDI,15.0,0.996756741569
BDI,inf,1.0
BEL,0.0,0.0
BEL,2.15,0.000547254789
BEL,3.2,0.001169974018
BEL,3.22,0.001169974018
BEL,3.25,0.001169974018
BEL,3.65,0.001169974018
BEL,4.3,0.001600675814
BEL,5.45,0.001798229645
BEL,5.47,0.001798229645
BEL,5.5,0.001798229645
BEL,6.85,0.002846956851
BEL,7.0,0.002846956851
BEL,7.3,0.0029090975442
BEL,7.5,0.002950524673
BEL,10.0,0.004354010076
BEL,10.27,0.004652825556809999
BEL,15.0,0.009887630091
BEL,inf,1.0
BEN,0.0,0.0
BEN,2.15,0.200821865179
BEN,3.2,0.448357861759
BEN,3.22,0.451272196291
BEN,3.25,0.455643698089
BEN,3.65,0.531886774441
BEN,4.3,0.631088197823
BEN,5.45,0.745435437977
BEN,5.47,0.7474407306186
BEN,5.5,0.750448669581
BEN,6.85,0.83606075745
BEN,7.0,0.841392028777
BEN,7.3,0.855446039515
BEN,7.5,0.864815380007
BEN,10.0,0.93130304605
BEN,10.27,0.9336325484264381
BEN,15.0,0.974441978947
BEN,inf,1.0
BFA,0.0,0.0
BFA,2.15,0.312038230194
BFA,3.2,0.563794523353
BFA,3.22,0.5667313615746
BFA,3.25,0.571136618907
BFA,3.65,0.631043233905
BFA,4.3,0.71069156067
BFA,5.45,0.804688416292
BFA,5.47,0.8054113997284
BFA,5.5,0.806495874883
BFA,6.85,0.872424206546
BFA,7.0,0.87691729815
BFA,7.3,0.8832670340232
BFA,7.5,0.887500191272
BFA,10.0,0.926838138577
BFA,10.27,0.928984132879744
BFA,15.0,0.966578773813
BFA,inf,1.0
BGD,0.0,0.0
BGD,2.15,0.095763822443
BGD,3.2,0.321397857389
BGD,3.22,0.3257328484822
BGD,3.25,0.332235335122
BGD,3.65,0.42321634631
BGD,4.3,0.548141327212
BGD,5.45,0.715839851297
BGD,5.47,0.7178818832925999
BGD,5.5,0.720944931286
BGD,6.85,0.831446376179
BGD,7.0,0.840106816147
BGD,7.3,0.8553658029022
BGD,7.5,0.865538460739
BGD,10.0,0.935764108593
BGD,10.27,0.9380945384350979
BGD,15.0,0.97892021678
BGD,inf,1.0
BGR,0.0,0.0
BGR,2.15,0.002478634814
BGR,3.2,0.010141189276
BGR,3.22,0.010141189276
BGR,3.25,0.010141189276
BGR,3.65,0.013903044819
BGR,4.3,0.019661246259
BGR,5.45,0.032012196988
BGR,5.47,0.03265745499959999
BGR,5.5,0.033625342017
BGR,6.85,0.045320230581
BGR,7.0,0.048624566234
BGR,7.3,0.053707176159199996
BGR,7.5,0.057095582776
BGR,10.0,0.097112407503
BGR,10.27,0.10437443627622599
BGR,15.0,0.231594421822
BGR,inf,1.0
BIH,0.0,0.0
BIH,2.15,0.000749787577
BIH,3.2,0.004768213579
BIH,3.22,0.0049003892934
BIH,3.25,0.005098652865
BIH,3.65,0.008496979394
BIH,4.3,0.013557452951
BIH,5.45,0.029185080102
BIH,5.47,0.029569059035199994
BIH,5.5,0.030145027435
BIH,6.85,0.057792609116
BIH,7.0,0.061497815631
BIH,7.3,0.06946317671459999
BIH,7.5,0.074773417437
BIH,10.0,0.165111474913
BIH,10.27,0.17740840103240196
BIH,15.0,0.392832328976
BIH,inf,1.0
BLR,0.0,0.0
BLR,2.15,0.0
BLR,3.2,0.000267654593
BLR,3.22,0.0004241069174000007
BLR,3.25,0.000658785404
BLR,3.65,0.000658785404
BLR,4.3,0.000876080299
BLR,5.45,0.00405619066
BLR,5.47,0.004173914031599998
BLR,5.5,0.004350499089
BLR,6.85,0.01285999489
BLR,7.0,0.014115954342
BLR,7.3,0.019930822250999996
BLR,7.5,0.023807400857
BLR,10.0,0.090444925893
BLR,10.27,0.10514334796136397
BLR,15.0,0.362637927159
BLR,inf,1.0
BLZ,0.0,0.0
BLZ,2.15,0.195569282913
BLZ,3.2,0.323174481694
BLZ,3.22,0.33687663145280006
BLZ,3.25,0.357429856091
BLZ,3.65,0.391063399434
BLZ,4.3,0.472721433355
BLZ,5.45,0.57253556737
BLZ,5.47,0.573240764784
BLZ,5.5,0.574298560905
BLZ,6.85,0.667539052357
BLZ,7.0,0.679210342895
BLZ,7.3,0.6944909868662
BLZ,7.5,0.704678082847
BLZ,10.0,0.806672042203
BLZ,10.27,0.8117524155749261
BLZ,15.0,0.900753030572
BLZ,inf,1.0
BOL,0.0,0.0
BOL,2.15,0.019645011375
BOL,3.2,0.040949887005
BOL,3.22,0.041422127228200004
BOL,3.25,0.042130487563
BOL,3.65,0.054037213466
BOL,4.3,0.066438782716
BOL,5.45,0.097624945629
BOL,5.47,0.09845489459939999
BOL,5.5,0.099699818055
BOL,6.85,0.151835977452
BOL,7.0,0.158234160444
BOL,7.3,0.168502277787
BOL,7.5,0.175347689349
BOL,10.0,0.294939182523
BOL,10.27,0.30620253476667
BOL,15.0,0.503519779628
BOL,inf,1.0
BRA,0.0,0.0
BRA,2.15,0.058245602832
BRA,3.2,0.095940139646
BRA,3.22,0.0967423895748
BRA,3.25,0.097945764468
BRA,3.65,0.112550683331
BRA,4.3,0.146718691801
BRA,5.45,0.206136623984
BRA,5.47,0.2068332783424
BRA,5.5,0.20787825988
BRA,6.85,0.283581145007
BRA,7.0,0.291754266838
BRA,7.3,0.3062654438482
BRA,7.5,0.315939561855
BRA,10.0,0.436877721914
BRA,10.27,0.44679770199028396
BRA,15.0,0.62058105666
BRA,inf,1.0
BTN,0.0,0.0
BTN,2.15,1.5388477e-05
BTN,3.2,0.002072898317
BTN,3.22,0.0022238839242000007
BTN,3.25,0.002450362335
BTN,3.65,0.004704421428
BTN,4.3,0.011466813433
BTN,5.45,0.036813456111
BTN,5.47,0.03731449659499999
BTN,5.5,0.038066057321
BTN,6.85,0.084471764413
BTN,7.0,0.089575698937
BTN,7.3,0.1050262124752
BTN,7.5,0.115326554834
BTN,10.0,0.263065546144
BTN,10.27,0.279412574645242
BTN,15.0,0.565788296167
BTN,inf,1.0
BWA,0.0,0.0
BWA,2.15,0.154262420302
BWA,3.2,0.314874457602
BWA,3.22,0.3180672843124
BWA,3.25,0.322856524378
BWA,3.65,0.380041747036
BWA,4.3,0.452770130703
BWA,5.45,0.548787244175
BWA,5.47,0.5508871743122
BWA,5.5,0.554037069518
BWA,6.85,0.635148098714
BWA,7.0,0.643306437172
BWA,7.3,0.6568321766902
BWA,7.5,0.665849336369
BWA,10.0,0.754502585096
BWA,10.27,0.759781892023886
BWA,15.0,0.852267528205
BWA,inf,1.0
CAF,0.0,0.0
CAF,2.15,0.656665098549
CAF,3.2,0.817838581916
CAF,3.22,0.8196164073916
CAF,3.25,0.822283145605
CAF,3.65,0.857806446035
CAF,4.3,0.896750019914
CAF,5.45,0.939869318037
CAF,5.47,0.9404691471754
CAF,5.5,0.941368890883
CAF,6.85,0.96206238449
CAF,7.0,0.963798625554
CAF,7.3,0.9664017512556
CAF,7.5,0.96813716839
CAF,10.0,0.985437355862
CAF,10.27,0.98593101690005
CAF,15.0,0.994579226937
CAF,inf,1.0
CAN,0.0,0.0
CAN,2.15,0.002486375387
CAN,3.2,0.004994693977
CAN,3.22,0.004994693977
CAN,3.25,0.004994693977
CAN,3.65,0.004994693977
CAN,4.3,0.004994693977
CAN,5.45,0.007153652711
CAN,5.47,0.007153652711
CAN,5.5,0.007153652711
CAN,6.85,0.007153652711
CAN,7.0,0.007153652711
CAN,7.3,0.007153652711
CAN,7.5,0.007153652711
CAN,10.0,0.012495061041
CAN,10.27,0.01303382396958
CAN,15.0,0.022472152311
CAN,inf,1.0
CHE,0.0,0.0
CHE,2.15,0.00030503981
CHE,3.2,0.000352593844
CHE,3.22,0.000352593844
CHE,3.25,0.000352593844
CHE,3.65,0.000395770384
CHE,4.3,0.000395770384
CHE,5.45,0.000449785714
CHE,5.47,0.0005478530911999982
CHE,5.5,0.000694954157
CHE,6.85,0.001710939057
CHE,7.0,0.001710939057
CHE,7.3,0.0018318848022
CHE,7.5,0.001912515299
CHE,10.0,0.003749705091
CHE,10.27,0.004413536717471999
CHE,15.0,0.016042883359
CHE,inf,1.0
CHL,0.0,0.0
CHL,2.15,0.00749503097
CHL,3.2,0.014205468048
CHL,3.22,0.014323558027200001
CHL,3.25,0.014500692996
CHL,3.65,0.016836558791
CHL,4.3,0.02464661065
CHL,5.45,0.044795727173
CHL,5.47,0.04527253288219999
CHL,5.5,0.045987741446
CHL,6.85,0.080108866619
CHL,7.0,0.084840760175
CHL,7.3,0.09461954605879999
CHL,7.5,0.101138736648
CHL,10.0,0.205499953966
CHL,10.27,0.21741152085070597
CHL,15.0,0.426084525905
CHL,inf,1.0
CHN,0.0,0.0
CHN,2.15,0.001107742747
CHN,3.2,0.008282308523
CHN,3.22,0.008648796734200001
CHN,3.25,0.009198529051
CHN,3.65,0.020195804254
CHN,4.3,0.052646285516
CHN,5.45,0.135435710646
CHN,5.47,0.13699930020959997
CHN,5.5,0.139344684555
CHN,6.85,0.246598913676
CHN,7.0,0.258676816581
CHN,7.3,0.28270644140519996
CHN,7.5,0.298726191288
CHN,10.0,0.475668346527
CHN,10.27,0.488553484908636
CHN,15.0,0.714282020261
CHN,inf,1.0
CIV,0.0,0.0
CIV,2.15,0.115022170219
CIV,3.2,0.319199759276
CIV,3.22,0.323391916902
CIV,3.25,0.329680153341
CIV,3.65,0.397187156509
CIV,4.3,0.492250131664
CIV,5.45,0.641331537106
CIV,5.47,0.643184908048
CIV,5.5,0.645964964461
CIV,6.85,0.756192043761
CIV,7.0,0.768221166567
CIV,7.3,0.7828952618052
CIV,7.5,0.792677991964
CIV,10.0,0.885613606979
CIV,10.27,0.8894988789197901
CIV,15.0,0.957563087364
CIV,inf,1.0
CMR,0.0,0.0
CMR,2.15,0.256575177358
CMR,3.2,0.411708533167
CMR,3.22,0.41464962586980003
CMR,3.25,0.419061264924
CMR,3.65,0.469771474318
CMR,4.3,0.542478703438
CMR,5.45,0.646881474678
CMR,5.47,0.6480353861084
CMR,5.5,0.649766253254
CMR,6.85,0.747581325089
CMR,7.0,0.754984297724
CMR,7.3,0.7700988788450001
CMR,7.5,0.780175266259
CMR,10.0,0.863209551814
CMR,10.27,0.8672570143146341
CMR,15.0,0.938162561085
CMR,inf,1.0
COD,0.0,0.0
COD,2.15,0.698637778178
COD,3.2,0.843268316331
COD,3.22,0.8453099886677999
COD,3.25,0.848372497173
COD,3.65,0.878265274918
COD,4.3,0.913246389283
COD,5.45,0.950931715829
COD,5.47,0.9512539579038
COD,5.5,0.951737321016
COD,6.85,0.97378873265
COD,7.0,0.974609422386
COD,7.3,0.9774278298294
COD,7.5,0.979306768125
COD,10.0,0.990932209125
COD,10.27,0.991285888078014
COD,15.0,0.997481819366
COD,inf,1.0
COG,0.0,0.0
COG,2.15,0.353574541559
COG,3.2,0.531756780764
COG,3.22,0.5349692870804
COG,3.25,0.539788046555
COG,3.65,0.590858444727
COG,4.3,0.667268786638
COG,5.45,0.756461479479
COG,5.47,0.7581123483006
COG,5.5,0.760588651533
COG,6.85,0.83511898051
COG,7.0,0.841646690204
COG,7.3,0.8521956936884
COG,7.5,0.859228362678
COG,10.0,0.922810266605
COG,10.27,0.924913076936402
COG,15.0,0.961751198668
COG,inf,1.0
COL,0.0,0.0
COL,2.15,0.06613518166
COL,3.2,0.128786812112
COL,3.22,0.1299385208104
COL,3.25,0.131666083858
COL,3.65,0.159825847923
COL,4.3,0.206285698313
COL,5.45,0.292127453585
COL,5.47,0.29359476411259994
COL,5.5,0.295795729904
COL,6.85,0.391973844401
COL,7.0,0.402768805888
COL,7.3,0.4215888915958
COL,7.5,0.434135615401
COL,10.0,0.565943122524
COL,10.27,0.574779749817504
COL,15.0,0.7295843687
COL,inf,1.0
COM,0.0,0.0
COM,2.15,0.186437217461
COM,3.2,0.339901861821
COM,3.22,0.3422071520918
COM,3.25,0.345665087498
COM,3.65,0.395245539865
COM,4.3,0.486999136124
COM,5.45,0.594147451725
COM,5.47,0.5965076104038
COM,5.5,0.600047848422
COM,6.85,0.686025033412
COM,7.0,0.700840117349
COM,7.3,0.7194193981874
COM,7.5,0.731805585413
COM,10.0,0.832890502011
COM,10.27,0.837734355328116
COM,15.0,0.922591489365
COM,inf,1.0
CPV,0.0,0.0
CPV,2.15,0.045642310858
CPV,3.2,0.141719625922
CPV,3.22,0.1430030163188
CPV,3.25,0.144928101914
CPV,3.65,0.193314782684
CPV,4.3,0.268897152737
CPV,5.45,0.382249668635
CPV,5.47,0.38428431629739995
CPV,5.5,0.387336287791
CPV,6.85,0.509498176045
CPV,7.0,0.518850260956
CPV,7.3,0.5415480910564
CPV,7.5,0.55667997779
CPV,10.0,0.69928246945
CPV,10.27,0.707201954649604
CPV,15.0,0.845939602776
CPV,inf,1.0
CRI,0.0,0.0
CRI,2.15,0.008868735494
CRI,3.2,0.022942953808
CRI,3.22,0.0232065021392
CRI,3.25,0.023601824636
CRI,3.65,0.033232361523
CRI,4.3,0.050442505407
CRI,5.45,0.085714082706
CRI,5.47,0.08637337601079999
CRI,5.5,0.087362315968
CRI,6.85,0.140520959236
CRI,7.0,0.145845695563
CRI,7.3,0.158558119474
CRI,7.5,0.167033068748
CRI,10.0,0.276305768298
CRI,10.27,0.286909510208058
CRI,15.0,0.472671359225
CRI,inf,1.0
CYP,0.0,0.0
CYP,2.15,0.000126419744
CYP,3.2,0.000635588307
CYP,3.22,0.000635588307
CYP,3.25,0.000635588307
CYP,3.65,0.000635588307
CYP,4.3,0.000635588307
CYP,5.45,0.000724003029
CYP,5.47,0.000724003029
CYP,5.5,0.000724003029
CYP,6.85,0.001963527244
CYP,7.0,0.001963527244
CYP,7.3,0.001963527244
CYP,7.5,0.001963527244
CYP,10.0,0.002657401962
CYP,10.27,0.0034220190332219986
CYP,15.0,0.016816977355
CYP,inf,1.0
CZE,0.0,0.0
CZE,2.15,8.1421604e-05
CZE,3.2,0.000168970424
CZE,3.22,0.000168970424
CZE,3.25,0.000168970424
CZE,3.65,0.000168970424
CZE,4.3,0.00065686788
CZE,5.45,0.001303541124
CZE,5.47,0.0015165075667999963
CZE,5.5,0.001835957231
CZE,6.85,0.004238844072
CZE,7.0,0.004279154541
CZE,7.3,0.004587692573999999
CZE,7.5,0.004793384596
CZE,10.0,0.014075137359
CZE,10.27,0.014995325497373998
CZE,15.0,0.03111565844
CZE,inf,1.0
DEU,0.0,0.0
DEU,2.15,0.0
DEU,3.2,0.002469338003
DEU,3.22,0.002469338003
DEU,3.25,0.002469338003
DEU,3.65,0.002469338003
DEU,4.3,0.002469338003
DEU,5.45,0.002469338003
DEU,5.47,0.002469338003
DEU,5.5,0.002469338003
DEU,6.85,0.002469338003
DEU,7.0,0.002469338003
DEU,7.3,0.002469338003
DEU,7.5,0.002469338003
DEU,10.0,0.004998630502
DEU,10.27,0.005662301355999999
DEU,15.0,0.017288831502
DEU,inf,1.0
DJI,0.0,0.0
DJI,2.15,0.190792072931
DJI,3.2,0.36405041248
DJI,3.22,0.366745986374
DJI,3.25,0.370789347215
DJI,3.65,0.437987518776
DJI,4.3,0.52887286116
DJI,5.45,0.664290370838
DJI,5.47,0.6663234721464
DJI,5.5,0.669373124109
DJI,6.85,0.784910005851
DJI,7.0,0.794709208083
DJI,7.3,0.8105225098278
DJI,7.5,0.821064710991
DJI,10.0,0.897421415929
DJI,10.27,0.9005613041823101
DJI,15.0,0.955567494694
DJI,inf,1.0
DNK,0.0,0.0
DNK,2.15,0.001649913074
DNK,3.2,0.002197262934
DNK,3.22,0.0022333601124
DNK,3.25,0.00228750588
DNK,3.65,0.002390417915
DNK,4.3,0.002475849643
DNK,5.45,0.002898916559
DNK,5.47,0.002898916559
DNK,5.5,0.002898916559
DNK,6.85,0.003622916238
DNK,7.0,0.003622916238
DNK,7.3,0.004716654814799999
DNK,7.5,0.005445813866
DNK,10.0,0.006541312189
DNK,10.27,0.006742063049134
DNK,15.0,0.01025892071
DNK,inf,1.0
DOM,0.0,0.0
DOM,2.15,0.008537285128
DOM,3.2,0.032441968348
DOM,3.22,0.0331543488168
DOM,3.25,0.03422291952
DOM,3.65,0.043445675245
DOM,4.3,0.071110998855
DOM,5.45,0.14034219976
DOM,5.47,0.14216223386519997
DOM,5.5,0.144892285023
DOM,6.85,0.232236564553
DOM,7.0,0.244254376724
DOM,7.3,0.2649860498804
DOM,7.5,0.278807165318
DOM,10.0,0.465294003647
DOM,10.27,0.478252059094418
DOM,15.0,0.705257993414
DOM,inf,1.0
DZA,0.0,0.0
DZA,2.15,0.004554675293
DZA,3.2,0.021885192871
DZA,3.22,0.022519831543000003
DZA,3.25,0.023471789551
DZA,3.65,0.040192077637
DZA,4.3,0.083579394531
DZA,5.45,0.199767089844
DZA,5.47,0.20211037109399996
DZA,5.5,0.205625292969
DZA,6.85,0.365749511719
DZA,7.0,0.383446166992
DZA,7.3,0.41793633789039997
DZA,7.5,0.440929785156
DZA,10.0,0.6796515625
DZA,10.27,0.691483214133628
DZA,15.0,0.898756222382
DZA,inf,1.0
ECU,0.0,0.0
ECU,2.15,0.031807919477
ECU,3.2,0.073453013876
ECU,3.22,0.07489757184600002
ECU,3.25,0.077064408801
ECU,3.65,0.094800468637
ECU,4.3,0.131862209034
ECU,5.45,0.205531023758
ECU,5.47,0.20752477861079996
ECU,5.5,0.21051541089
ECU,6.85,0.29931489438
ECU,7.0,0.30801700429
ECU,7.3,0.3274703996662
ECU,7.5,0.340439329917
ECU,10.0,0.470492751525
ECU,10.27,0.48184526257008
ECU,15.0,0.680724437545
ECU,inf,1.0
EGY,0.0,0.0
EGY,2.15,0.014670147196
EGY,3.2,0.107189575681
EGY,3.22,0.11002609075500001
EGY,3.25,0.114280863366
EGY,3.65,0.176241954392
EGY,4.3,0.298606472995
EGY,5.45,0.504432323484
EGY,5.47,0.5079063721231999
EGY,5.5,0.513117445082
EGY,6.85,0.687606592308
EGY,7.0,0.701287202329
EGY,7.3,0.728709885367
EGY,7.5,0.746991674059
EGY,10.0,0.875072762276
EGY,10.27,0.8794488954301699
EGY,15.0,0.956112265131
EGY,inf,1.0
ESP,0.0,0.0
ESP,2.15,0.008863663023
ESP,3.2,0.012728112987
ESP,3.22,0.0129145069482
ESP,3.25,0.01319409789
ESP,3.65,0.014342085032
ESP,4.3,0.016512368282
ESP,5.45,0.022876047321
ESP,5.47,0.022882560663000002
ESP,5.5,0.022892330676
ESP,6.85,0.030552765388
ESP,7.0,0.031253917955
ESP,7.3,0.033109139244199996
ESP,7.5,0.034345953437
ESP,10.0,0.051738934831
ESP,10.27,0.054219483049156
ESP,15.0,0.097675012945
ESP,inf,1.0
EST,0.0,0.0
EST,2.15,0.003486593807
EST,3.2,0.004611030765
EST,3.22,0.004611030765
EST,3.25,0.004611030765
EST,3.65,0.004832018293
EST,4.3,0.006592576449
EST,5.45,0.009069384235
EST,5.47,0.009069384235
EST,5.5,0.009069384235
EST,6.85,0.013402285359
EST,7.0,0.013679477476
EST,7.3,0.014713619982399999
EST,7.5,0.01540304832
EST,10.0,0.025115059678
EST,10.27,0.026951563812495995
EST,15.0,0.059124395502
EST,inf,1.0
ETH,0.0,0.0
ETH,2.15,0.269846056657
ETH,3.2,0.533200632049
ETH,3.22,0.5384221624474
ETH,3.25,0.546254458045
ETH,3.65,0.650256094146
ETH,4.3,0.756180583955
ETH,5.45,0.855735602192
ETH,5.47,0.8567785412792
ETH,5.5,0.85834294991
ETH,6.85,0.909090773242
ETH,7.0,0.914668904137
ETH,7.3,0.9218731826746
ETH,7.5,0.926676035033
ETH,10.0,0.96391623808
ETH,10.27,0.965216764118188
ETH,15.0,0.988000053602
ETH,inf,1.0
FIN,0.0,0.0
FIN,2.15,0.000276208987
FIN,3.2,0.000371751998
FIN,3.22,0.000371751998
FIN,3.25,0.000371751998
FIN,3.65,0.000382842498
FIN,4.3,0.000382842498
FIN,5.45,0.000687659465
FIN,5.47,0.000687659465
FIN,5.5,0.000687659465
FIN,6.85,0.000792763983
FIN,7.0,0.000805012519
FIN,7.3,0.0008145670642
FIN,7.5,0.000820936761
FIN,10.0,0.00120466697
FIN,10.27,0.0013988772431059997
FIN,15.0,0.004801153509
FIN,inf,1.0
FJI,0.0,0.0
FJI,2.15,0.013182688831
FJI,3.2,0.082365419871
FJI,3.22,0.08470266695740002
FJI,3.25,0.088208537587
FJI,3.65,0.123558197867
FJI,4.3,0.196576318036
FJI,5.45,0.34846763494
FJI,5.47,0.35187122727599995
FJI,5.5,0.35697661578
FJI,6.85,0.525971567892
FJI,7.0,0.543322926996
FJI,7.3,0.57460127049
FJI,7.5,0.595453499486
FJI,10.0,0.771513757491
FJI,10.27,0.779634231380778
FJI,15.0,0.921892903598
FJI,inf,1.0
FRA,0.0,0.0
FRA,2.15,0.001148958258
FRA,3.2,0.001835155379
FRA,3.22,0.001835155379
FRA,3.25,0.001835155379
FRA,3.65,0.002144676856
FRA,4.3,0.002446427422
FRA,5.45,0.002699786932
FRA,5.47,0.002699786932
FRA,5.5,0.002699786932
FRA,6.85,0.004329981764
FRA,7.0,0.004329981764
FRA,7.3,0.0044258570912
FRA,7.5,0.004489773976
FRA,10.0,0.006571594956
FRA,10.27,0.007504026476843998
FRA,15.0,0.023838845342
FRA,inf,1.0
FSM,0.0,0.0
FSM,2.15,0.160284376443
FSM,3.2,0.339652878489
FSM,3.22,0.34198886649300003
FSM,3.25,0.345492848499
FSM,3.65,0.406702338557
FSM,4.3,0.508495377089
FSM,5.45,0.643836143768
FSM,5.47,0.6446073888484
FSM,5.5,0.645764256469
FSM,6.85,0.74819850168
FSM,7.0,0.761120355663
FSM,7.3,0.7718702019888
FSM,7.5,0.779036766206
FSM,10.0,0.884325720086
FSM,10.27,0.888370330535054
FSM,15.0,0.959225913587
FSM,inf,1.0
GAB,0.0,0.0
GAB,2.15,0.024686419565
GAB,3.2,0.064734434813
GAB,3.22,0.0653867544274
GAB,3.25,0.066365233849
GAB,3.65,0.081323506282
GAB,4.3,0.12372218171
GAB,5.45,0.209898462348
GAB,5.47,0.21135853201959998
GAB,5.5,0.213548636527
GAB,6.85,0.312246696073
GAB,7.0,0.322927103927
GAB,7.3,0.3440576752604
GAB,7.5,0.358144722816
GAB,10.0,0.520536797817
GAB,10.27,0.532019880967596
GAB,15.0,0.733186485791
GAB,inf,1.0
GBR,0.0,0.0
GBR,2.15,0.004993337475
GBR,3.2,0.004993337475
GBR,3.22,0.004993337475
GBR,3.25,0.004993337475
GBR,3.65,0.004993337475
GBR,4.3,0.007391624899
GBR,5.45,0.007391624899
GBR,5.47,0.007391624899
GBR,5.5,0.007391624899
GBR,6.85,0.007391624899
GBR,7.0,0.009970627257
GBR,7.3,0.009970627257
GBR,7.5,0.009970627257
GBR,10.0,0.014869151259
GBR,10.27,0.015551106746118
GBR,15.0,0.027497956576
GBR,inf,1.0
GEO,0.0,0.0
GEO,2.15,0.054850259814
GEO,3.2,0.138984146967
GEO,3.22,0.1415281834066
GEO,3.25,0.145344238066
GEO,3.65,0.190543884684
GEO,4.3,0.267931355491
GEO,5.45,0.398785232996
GEO,5.47,0.40102936866199995
GEO,5.5,0.404395572161
GEO,6.85,0.553659093764
GEO,7.0,0.570012248009
GEO,7.3,0.6009795937664
GEO,7.5,0.621624490938
GEO,10.0,0.795735862339
GEO,10.27,0.8028992413883199
GEO,15.0,0.928391029919
GEO,inf,1.0
GHA,0.0,0.0
GHA,2.15,0.252085535489
GHA,3.2,0.417455162604
GHA,3.22,0.4203263102252
GHA,3.25,0.424633031657
GHA,3.65,0.488132543401
GHA,4.3,0.572539943139
GHA,5.45,0.686701057261
GHA,5.47,0.6878585342557999
GHA,5.5,0.689594749748
GHA,6.85,0.784766023823
GHA,7.0,0.792520205092
GHA,7.3,0.8087969760916
GHA,7.5,0.819648156758
GHA,10.0,0.900079679862
GHA,10.27,0.903435841961892
GHA,15.0,0.96223082986
GHA,inf,1.0
GIN,0.0,0.0
GIN,2.15,0.138200995171
GIN,3.2,0.375359967644
GIN,3.22,0.379421005282
GIN,3.25,0.385512561739
GIN,3.65,0.465962500797
GIN,4.3,0.594518883498
GIN,5.45,0.755374175731
GIN,5.47,0.7566995972106
GIN,5.5,0.75868772943
GIN,6.85,0.867713029383
GIN,7.0,0.876082542213
GIN,7.3,0.8895681736914001
GIN,7.5,0.898558594677
GIN,10.0,0.961990886321
GIN,10.27,0.963694082791358
GIN,15.0,0.993531561698
GIN,inf,1.0
GMB,0.0,0.0
GMB,2.15,0.172421335913
GMB,3.2,0.383587014514
GMB,3.22,0.38729085801080004
GMB,3.25,0.392846623256
GMB,3.65,0.470489712379
GMB,4.3,0.567399025075
GMB,5.45,0.702054876332
GMB,5.47,0.7036617575576
GMB,5.5,0.706072079396
GMB,6.85,0.805910651089
GMB,7.0,0.815623451201
GMB,7.3,0.8363329482944
GMB,7.5,0.85013927969
GMB,10.0,0.914773718868
GMB,10.27,0.9176734258549439
GMB,15.0,0.968471996404
GMB,inf,1.0
GNB,0.0,0.0
GNB,2.15,0.216604906171
GNB,3.2,0.478933777098
GNB,3.22,0.4822767484364
GNB,3.25,0.487291205444
GNB,3.65,0.56787542903
GNB,4.3,0.671951027443
GNB,5.45,0.785044945991
GNB,5.47,0.786768732449
GNB,5.5,0.789354412136
GNB,6.85,0.872022346701
GNB,7.0,0.878229499428
GNB,7.3,0.8882199010446
GNB,7.5,0.894880168789
GNB,10.0,0.953781555057
GNB,10.27,0.955539999108528
GNB,15.0,0.986345333789
GNB,inf,1.0
GRC,0.0,0.0
GRC,2.15,0.008064955208
GRC,3.2,0.013432677652
GRC,3.22,0.0134816434416
GRC,3.25,0.013555092126
GRC,3.65,0.015546692449
GRC,4.3,0.01900609998
GRC,5.45,0.024735956777
GRC,5.47,0.024962701958599995
GRC,5.5,0.025302819731
GRC,6.85,0.038892031182
GRC,7.0,0.042608502298
GRC,7.3,0.046335577676199995
GRC,7.5,0.048820294595
GRC,10.0,0.093835468964
GRC,10.27,0.10038412513159399
GRC,15.0,0.215106879475
GRC,inf,1.0
GTM,0.0,0.0
GTM,2.15,0.095213027306
GTM,3.2,0.20814421569
GTM,3.22,0.21036080929960002
GTM,3.25,0.213685699714
GTM,3.65,0.258602337143
GTM,4.3,0.330138575951
GTM,5.45,0.434810049365
GTM,5.47,0.43654271402379996
GTM,5.5,0.439141711012
GTM,6.85,0.554003527014
GTM,7.0,0.564142361134
GTM,7.3,0.5869189169608
GTM,7.5,0.602103287512
GTM,10.0,0.727825056188
GTM,10.27,0.734903553652142
GTM,15.0,0.858908342561
GTM,inf,1.0
GUY,0.0,0.0
GUY,2.15,0.118970365563
GUY,3.2,0.206251351936
GUY,3.22,0.2086740211984
GUY,3.25,0.212308025092
GUY,3.65,0.248864373783
GUY,4.3,0.317759030932
GUY,5.45,0.445922561108
GUY,5.47,0.446701276228
GUY,5.5,0.447869348908
GUY,6.85,0.565650010815
GUY,7.0,0.576249188838
GUY,7.3,0.6007787151198
GUY,7.5,0.617131732641
GUY,10.0,0.762383733506
GUY,10.27,0.769123512870056
GUY,15.0,0.88719446247
GUY,inf,1.0
HND,0.0,0.0
HND,2.15,0.127429917407
HND,3.2,0.228909737675
HND,3.22,0.2312324693926
HND,3.25,0.234716566969
HND,3.65,0.264279590386
HND,4.3,0.325718528826
HND,5.45,0.407259327548
HND,5.47,0.4081751791196
HND,5.5,0.409548956477
HND,6.85,0.495445226109
HND,7.0,0.506235618577
HND,7.3,0.5245104515134
HND,7.5,0.536693673471
HND,10.0,0.649641993225
HND,10.27,0.6579504290972941
HND,15.0,0.803501916786
HND,inf,1.0
HRV,0.0,0.0
HRV,2.15,0.003139338613
HRV,3.2,0.005623471846
HRV,3.22,0.0056470962808
HRV,3.25,0.005682532933
HRV,3.65,0.007486716822
HRV,4.3,0.009420270913
HRV,5.45,0.012681428165
HRV,5.47,0.013072722957799992
HRV,5.5,0.013659665147
HRV,6.85,0.021232432873
HRV,7.0,0.022587913398
HRV,7.3,0.025037028619199996
HRV,7.5,0.0266697721
HRV,10.0,0.057378422566
HRV,10.27,0.06234682004169399
HRV,15.0,0.149385783227
HRV,inf,1.0
HTI,0.0,0.0
HTI,2.15,0.291921948523
HTI,3.2,0.500576639955
HTI,3.22,0.5041506698746
HTI,3.25,0.509511714754
HTI,3.65,0.580279417171
HTI,4.3,0.665298044423
HTI,5.45,0.782441290069
HTI,5.47,0.783448707955
HTI,5.5,0.784959834784
HTI,6.85,0.858015071539
HTI,7.0,0.865930884157
HTI,7.3,0.8768538046582001
HTI,7.5,0.884135751659
HTI,10.0,0.94236538213
HTI,10.27,0.944370588396952
HTI,15.0,0.979498831518
HTI,inf,1.0
HUN,0.0,0.0
HUN,2.15,0.003514764117
HUN,3.2,0.007023059791
HUN,3.22,0.007023059791
HUN,3.25,0.007023059791
HUN,3.65,0.008084301757
HUN,4.3,0.010340536397
HUN,5.45,0.015089208175
HUN,5.47,0.015297492038599996
HUN,5.5,0.015609917834
HUN,6.85,0.02488326547
HUN,7.0,0.025490464472
HUN,7.3,0.026912499494
HUN,7.5,0.027860522842
HUN,10.0,0.047277432354
HUN,10.27,0.053015186861129986
HUN,15.0,0.153532145449
HUN,inf,1.0
IDN,0.0,0.0
IDN,2.15,0.024729117009
IDN,3.2,0.136423167892
IDN,3.22,0.13913028290480003
IDN,3.25,0.143190955424
IDN,3.65,0.202237036998
IDN,4.3,0.302893226998
IDN,5.45,0.459460661096
IDN,5.47,0.46165469521639996
IDN,5.5,0.464945746397
IDN,6.85,0.604064327474
IDN,7.0,0.617041736585
IDN,7.3,0.6422498138582
IDN,7.5,0.659055198707
IDN,10.0,0.798730307018
IDN,10.27,0.80479046780801
IDN,15.0,0.910955506833
IDN,inf,1.0
IND,0.0,0.0
IND,2.15,0.118991602614
IND,3.2,0.369190521538
IND,3.22,0.37360634929720005
IND,3.25,0.380230090936
IND,3.65,0.465401814216
IND,4.3,0.582329321825
IND,5.45,0.725866674926
IND,5.47,0.7279010682479999
IND,5.5,0.730952658231
IND,6.85,0.829775503297
IND,7.0,0.837641550759
IND,7.3,0.851855666586
IND,7.5,0.861331743804
IND,10.0,0.932041096134
IND,10.27,0.934544504773662
IND,15.0,0.978400515387
IND,inf,1.0
IRL,0.0,0.0
IRL,2.15,0.00144305587
IRL,3.2,0.00182536579
IRL,3.22,0.00182536579
IRL,3.25,0.00182536579
IRL,3.65,0.00182536579
IRL,4.3,0.002012399652
IRL,5.45,0.002091866682
IRL,5.47,0.002091866682
IRL,5.5,0.002091866682
IRL,6.85,0.002137771451
IRL,7.0,0.002137771451
IRL,7.3,0.002137771451
IRL,7.5,0.002137771451
IRL,10.0,0.00433144263
IRL,10.27,0.004716935305931999
IRL,15.0,0.011470195888
IRL,inf,1.0
IRN,0.0,0.0
IRN,2.15,0.009220822952
IRN,3.2,0.038938240871
IRN,3.22,0.0394896064842
IRN,3.25,0.040316654904
IRN,3.65,0.057131679752
IRN,4.3,0.09021990248
IRN,5.45,0.162990269809
IRN,5.47,0.16429498201379997
IRN,5.5,0.166252050321
IRN,6.85,0.26236400911
IRN,7.0,0.273652443644
IRN,7.3,0.293077123424
IRN,7.5,0.306026909944
IRN,10.0,0.466653475427
IRN,10.27,0.478749144443288
IRN,15.0,0.690647346099
IRN,inf,1.0
IRQ,0.0,0.0
IRQ,2.15,0.000887524669
IRQ,3.2,0.012035285007
IRQ,3.22,0.012242784004200001
IRQ,3.25,0.0125540325
IRQ,3.65,0.024395645877
IRQ,4.3,0.050215478736
IRQ,5.45,0.123465164465
IRQ,5.47,0.12506812821899996
IRQ,5.5,0.12747257385
IRQ,6.85,0.247289221546
IRQ,7.0,0.260579316634
IRQ,7.3,0.2893727199676
IRQ,7.5,0.30856832219
IRQ,10.0,0.53221300786
IRQ,10.27,0.546689272395142
IRQ,15.0,0.800291980733
IRQ,inf,1.0
ISL,0.0,0.0
ISL,2.15,0.0
ISL,3.2,0.0
ISL,3.22,0.0
ISL,3.25,0.0
ISL,3.65,0.000179254642
ISL,4.3,0.000410612161
ISL,5.45,0.000410612161
ISL,5.47,0.000410612161
ISL,5.5,0.000410612161
ISL,6.85,0.000410612161
ISL,7.0,0.000410612161
ISL,7.3,0.0010372419735999998
ISL,7.5,0.001454995182
ISL,10.0,0.002220550077
ISL,10.27,0.002328649395528
ISL,15.0,0.004222389309
ISL,inf,1.0
ISR,0.0,0.0
ISR,2.15,0.004967662373
ISR,3.2,0.007167306318
ISR,3.22,0.007167306318
ISR,3.25,0.007167306318
ISR,3.65,0.009934643833
ISR,4.3,0.009934643833
ISR,5.45,0.017493731882
ISR,5.47,0.017493731882
ISR,5.5,0.017493731882
ISR,6.85,0.032169215785
ISR,7.0,0.032169215785
ISR,7.3,0.038326946174199995
ISR,7.5,0.042432099767
ISR,10.0,0.079919606963
ISR,10.27,0.08477984183411
ISR,15.0,0.169923956428
ISR,inf,1.0
ITA,0.0,0.0
ITA,2.15,0.008277917637
ITA,3.2,0.010996385591
ITA,3.22,0.0110007531522
ITA,3.25,0.011007304494
ITA,3.65,0.01165143279
ITA,4.3,0.013143177885
ITA,5.45,0.01725840905
ITA,5.47,0.0172593242872
ITA,5.5,0.017260697143
ITA,6.85,0.021889378908
ITA,7.0,0.022769256874
ITA,7.3,0.0239467139266
ITA,7.5,0.024731685295
ITA,10.0,0.040167408647
ITA,10.27,0.04235599710343999
ITA,15.0,0.080696824507
ITA,inf,1.0
JAM,0.0,0.0
JAM,2.15,0.01177245927
JAM,3.2,0.044247730575
JAM,3.22,0.0451773596474
JAM,3.25,0.046571803256
JAM,3.65,0.072353691934
JAM,4.3,0.108113194265
JAM,5.45,0.190997823894
JAM,5.47,0.19270967610639997
JAM,5.5,0.195277454425
JAM,6.85,0.290656232189
JAM,7.0,0.301609703183
JAM,7.3,0.3226894125098
JAM,7.5,0.336742552061
JAM,10.0,0.502417990266
JAM,10.27,0.5122894005851459
JAM,15.0,0.685221885065
JAM,inf,1.0
JOR,0.0,0.0
JOR,2.15,0.000408548828
JOR,3.2,0.002166808617
JOR,3.22,0.002237784623
JOR,3.25,0.002344248632
JOR,3.65,0.003806784793
JOR,4.3,0.011629675588
JOR,5.45,0.029778236382
JOR,5.47,0.030037227365999997
JOR,5.5,0.030425713842
JOR,6.85,0.081787189159
JOR,7.0,0.089921932317
JOR,7.3,0.10618462439639999
JOR,7.5,0.117026419116
JOR,10.0,0.282105452146
JOR,10.27,0.298624473974668
JOR,15.0,0.588013263788
JOR,inf,1.0
JPN,0.0,0.0
JPN,2.15,0.007278878874
JPN,3.2,0.009434035065
JPN,3.22,0.009434035065
JPN,3.25,0.009434035065
JPN,3.65,0.009434035065
JPN,4.3,0.009434035065
JPN,5.45,0.0120940649
JPN,5.47,0.0120940649
JPN,5.5,0.0120940649
JPN,6.85,0.014467368452
JPN,7.0,0.014467368452
JPN,7.3,0.014467368452
JPN,7.5,0.014467368452
JPN,10.0,0.02486435666
JPN,10.27,0.025673623293829998
JPN,15.0,0.039850775805
JPN,inf,1.0
KAZ,0.0,0.0
KAZ,2.15,0.000151407911
KAZ,3.2,0.002186998199
KAZ,3.22,0.0022487416242
KAZ,3.25,0.002341356762
KAZ,3.65,0.004762263586
KAZ,4.3,0.012851821618
KAZ,5.45,0.047604953252
KAZ,5.47,0.048391882685199984
KAZ,5.5,0.049572276835
KAZ,6.85,0.14287140016
KAZ,7.0,0.156601530578
KAZ,7.3,0.1855025448836
KAZ,7.5,0.204769887754
KAZ,10.0,0.463707728403
KAZ,10.27,0.48004501905826796
KAZ,15.0,0.766250147945
KAZ,inf,1.0
KEN,0.0,0.0
KEN,2.15,0.361460557542
KEN,3.2,0.633253481329
KEN,3.22,0.6370131332058
KEN,3.25,0.642652611021
KEN,3.65,0.701042740467
KEN,4.3,0.775736937307
KEN,5.45,0.860250703256
KEN,5.47,0.8616140344168
KEN,5.5,0.863659031158
KEN,6.85,0.912838571418
KEN,7.0,0.916725377692
KEN,7.3,0.922240302967
KEN,7.5,0.925916919817
KEN,10.0,0.95853559935
KEN,10.27,0.959849642311734
KEN,15.0,0.982869728271
KEN,inf,1.0
KGZ,0.0,0.0
KGZ,2.15,0.013309736024
KGZ,3.2,0.113309208222
KGZ,3.22,0.11651427847560002
KGZ,3.25,0.121321883856
KGZ,3.65,0.187142386983
KGZ,4.3,0.316112628375
KGZ,5.45,0.503225633734
KGZ,5.47,0.5059184932631999
KGZ,5.5,0.509957782557
KGZ,6.85,0.675909618693
KGZ,7.0,0.688907978221
KGZ,7.3,0.7183922858362
KGZ,7.5,0.738048490913
KGZ,10.0,0.881683918871
KGZ,10.27,0.8862115838388079
KGZ,15.0,0.965529566423
KGZ,inf,1.0
KIR,0.0,0.0
KIR,2.15,0.016780768103
KIR,3.2,0.122322897476
KIR,3.22,0.12565867303880002
KIR,3.25,0.130662336383
KIR,3.65,0.194613312293
KIR,4.3,0.320566135905
KIR,5.45,0.515864016787
KIR,5.47,0.5185895464882
KIR,5.5,0.52267784104
KIR,6.85,0.68878895316
KIR,7.0,0.704575505015
KIR,7.3,0.7288374196112
KIR,7.5,0.745012029342
KIR,10.0,0.896151395323
KIR,10.27,0.90037476627796
KIR,15.0,0.974361968563
KIR,inf,1.0
KOR,0.0,0.0
KOR,2.15,0.002266651427
KOR,3.2,0.002266651427
KOR,3.22,0.002266651427
KOR,3.25,0.002266651427
KOR,3.65,0.00496440888
KOR,4.3,0.00496440888
KOR,5.45,0.007370936883
KOR,5.47,0.007370936883
KOR,5.5,0.007370936883
KOR,6.85,0.012280632468
KOR,7.0,0.012280632468
KOR,7.3,0.013909988657399999
KOR,7.5,0.014996226117
KOR,10.0,0.027479205365
KOR,10.27,0.029908694942149996
KOR,15.0,0.07246975309
KOR,inf,1.0
LAO,0.0,0.0
LAO,2.15,0.071383628289
LAO,3.2,0.249812157741
LAO,3.22,0.252999815853
LAO,3.25,0.257781303021
LAO,3.65,0.324664764631
LAO,4.3,0.429809404706
LAO,5.45,0.580745573073
LAO,5.47,0.5827595607446
LAO,5.5,0.585780542252
LAO,6.85,0.705142422962
LAO,7.0,0.715683531133
LAO,7.3,0.7373830419213999
LAO,7.5,0.751849382447
LAO,10.0,0.857531764047
LAO,10.27,0.86204040745719
LAO,15.0,0.941025160532
LAO,inf,1.0
LBN,0.0,0.0
LBN,2.15,0.0
LBN,3.2,0.0
LBN,3.22,0.0
LBN,3.25,0.0
LBN,3.65,0.000611297583
LBN,4.3,0.000611297583
LBN,5.45,0.003137712618
LBN,5.47,0.003137712618
LBN,5.5,0.003137712618
LBN,6.85,0.016823138075
LBN,7.0,0.016823138075
LBN,7.3,0.0191988616316
LBN,7.5,0.020782677336
LBN,10.0,0.051450238662
LBN,10.27,0.05733729580482599
LBN,15.0,0.160469815381
LBN,inf,1.0
LBR,0.0,0.0
LBR,2.15,0.276177478999
LBR,3.2,0.520925883159
LBR,3.22,0.5233896264998
LBR,3.25,0.527085241511
LBR,3.65,0.605855035598
LBR,4.3,0.701434997431
LBR,5.45,0.810362951395
LBR,5.47,0.8118686405422
LBR,5.5,0.814127174263
LBR,6.85,0.889197405068
LBR,7.0,0.893988309183
LBR,7.3,0.9064801267122
LBR,7.5,0.914808005065
LBR,10.0,0.962543705433
LBR,10.27,0.964080048386544
LBR,15.0,0.990994500869
LBR,inf,1.0
LCA,0.0,0.0
LCA,2.15,0.051228049705
LCA,3.2,0.093658479669
LCA,3.22,0.09494661921740001
LCA,3.25,0.09687882854
LCA,3.65,0.11709935243
LCA,4.3,0.14902864477
LCA,5.45,0.186068490753
LCA,5.47,0.18758998891539996
LCA,5.5,0.189872236159
LCA,6.85,0.253433288606
LCA,7.0,0.257697917274
LCA,7.3,0.270684324135
LCA,7.5,0.279341928709
LCA,10.0,0.39714135698
LCA,10.27,0.406743597222716
LCA,15.0,0.574960620734
LCA,inf,1.0
LKA,0.0,0.0
LKA,2.15,0.009586125507
LKA,3.2,0.068020559236
LKA,3.22,0.06997633846640001
LKA,3.25,0.072910007312
LKA,3.65,0.112968158862
LKA,4.3,0.192130634702
LKA,5.45,0.340275823549
LKA,5.47,0.3426473433585999
LKA,5.5,0.346204623073
LKA,6.85,0.493454826298
LKA,7.0,0.508934782889
LKA,7.3,0.5370781383769999
LKA,7.5,0.555840375369
LKA,10.0,0.726492052306
LKA,10.27,0.734645734084864
LKA,15.0,0.877486159322
LKA,inf,1.0
LSO,0.0,0.0
LSO,2.15,0.323999109936
LSO,3.2,0.495415774489
LSO,3.22,0.4975514919754
LSO,3.25,0.500755068205
LSO,3.65,0.546500065039
LSO,4.3,0.613580477644
LSO,5.45,0.725676217017
LSO,5.47,0.7270178081834
LSO,5.5,0.729030194933
LSO,6.85,0.809862840754
LSO,7.0,0.817939334404
LSO,7.3,0.8301343718302
LSO,7.5,0.838264396781
LSO,10.0,0.912133425192
LSO,10.27,0.915094875447924
LSO,15.0,0.966975096598
LSO,inf,1.0
LTU,0.0,0.0
LTU,2.15,0.001894733336
LTU,3.2,0.005918772189
LTU,3.22,0.005918772189
LTU,3.25,0.005918772189
LTU,3.65,0.006386675091
LTU,4.3,0.007119764234
LTU,5.45,0.008795179025
LTU,5.47,0.008795179025
LTU,5.5,0.008795179025
LTU,6.85,0.016209344961
LTU,7.0,0.016686219646
LTU,7.3,0.0174003122644
LTU,7.5,0.01787637401
LTU,10.0,0.031795112375
LTU,10.27,0.03399323102813599
LTU,15.0,0.072501013359
LTU,inf,1.0
LUX,0.0,0.0
LUX,2.15,0.0
LUX,3.2,2.7626766e-05
LUX,3.22,2.7626766e-05
LUX,3.25,2.7626766e-05
LUX,3.65,2.7626766e-05
LUX,4.3,2.7626766e-05
LUX,5.45,2.7626766e-05
LUX,5.47,2.7626766e-05
LUX,5.5,2.7626766e-05
LUX,6.85,0.000196783398
LUX,7.0,0.000196783398
LUX,7.3,0.00026453779439999996
LUX,7.5,0.000309707392
LUX,10.0,0.000533372115
LUX,10.27,0.0007783858794359996
LUX,15.0,0.005070664049
LUX,inf,1.0
LVA,0.0,0.0
LVA,2.15,0.004550118181
LVA,3.2,0.006113613949
LVA,3.22,0.006201660950200001
LVA,3.25,0.006333731452
LVA,3.65,0.008214101146
LVA,4.3,0.011283734845
LVA,5.45,0.015202612395
LVA,5.47,0.0152639664538
LVA,5.5,0.015355997542
LVA,6.85,0.024609966921
LVA,7.0,0.025167324219
LVA,7.3,0.026961636471
LVA,7.5,0.028157844639
LVA,10.0,0.053112667245
LVA,10.27,0.057722759253527996
LVA,15.0,0.138484741477
LVA,inf,1.0
MAR,0.0,0.0
MAR,2.15,0.014431101154
MAR,3.2,0.065402740398
MAR,3.22,0.0668628193064
MAR,3.25,0.069052937669
MAR,3.65,0.097590743483
MAR,4.3,0.156165910677
MAR,5.45,0.276349514425
MAR,5.47,0.27843718271139994
MAR,5.5,0.281568685141
MAR,6.85,0.421039837069
MAR,7.0,0.434690486685
MAR,7.3,0.4624260715866
MAR,7.5,0.480916461521
MAR,10.0,0.657578463291
MAR,10.27,0.66715775863758
MAR,15.0,0.834972821561
MAR,inf,1.0
MDA,0.0,0.0
MDA,2.15,0.0
MDA,3.2,0.00235316805
MDA,3.22,0.00235316805
MDA,3.25,0.00235316805
MDA,3.65,0.003376432124
MDA,4.3,0.01153503642
MDA,5.45,0.051150731906
MDA,5.47,0.052204780942399984
MDA,5.5,0.053785854497
MDA,6.85,0.144166103128
MDA,7.0,0.155990716166
MDA,7.3,0.1760273414468
MDA,7.5,0.189385091634
MDA,10.0,0.440268419654
MDA,10.27,0.45888682678560794
MDA,15.0,0.785053736906
MDA,inf,1.0
MDG,0.0,0.0
MDG,2.15,0.80730057901
MDG,3.2,0.904040003235
MDG,3.22,0.905411844071
MDG,3.25,0.907469605325
MDG,3.65,0.92411589584
MDG,4.3,0.947931891358
MDG,5.45,0.970702209969
MDG,5.47,0.9708041489918
MDG,5.5,0.970957057526
MDG,6.85,0.981771179128
MDG,7.0,0.982836319696
MDG,7.3,0.9846605173942
MDG,7.5,0.985876649193
MDG,10.0,0.994111002669
MDG,10.27,0.9943665580393319
MDG,15.0,0.998843509527
MDG,inf,1.0
MDV,0.0,0.0
MDV,2.15,0.0
MDV,3.2,0.0
MDV,3.22,0.0
MDV,3.25,0.0
MDV,3.65,0.0
MDV,4.3,0.0
MDV,5.45,0.006625226515
MDV,5.47,0.006918393814199995
MDV,5.5,0.007358144763
MDV,6.85,0.038848696538
MDV,7.0,0.043106253843
MDV,7.3,0.05465886245999999
MDV,7.5,0.062360601538
MDV,10.0,0.171160144288
MDV,10.27,0.18657260522711797
MDV,15.0,0.456576087605
MDV,inf,1.0
MEX,0.0,0.0
MEX,2.15,0.031000052181
MEX,3.2,0.074600065904
MEX,3.22,0.07555333592920001
MEX,3.25,0.076983240967
MEX,3.65,0.099334936329
MEX,4.3,0.139760026433
MEX,5.45,0.219619463827
MEX,5.47,0.22107799622139998
MEX,5.5,0.223265794813
MEX,6.85,0.325474505586
MEX,7.0,0.336373451897
MEX,7.3,0.3569890236698
MEX,7.5,0.370732738185
MEX,10.0,0.525472056426
MEX,10.27,0.536135868499602
MEX,15.0,0.722950057789
MEX,inf,1.0
MHL,0.0,0.0
MHL,2.15,0.008543443744
MHL,3.2,0.038197139792
MHL,3.22,0.039660212501200005
MHL,3.25,0.041854821565
MHL,3.65,0.061115319253
MHL,4.3,0.097681176145
MHL,5.45,0.179101684161
MHL,5.47,0.18058512268779997
MHL,5.5,0.182810280478
MHL,6.85,0.315178297841
MHL,7.0,0.324101891275
MHL,7.3,0.3488792999956
MHL,7.5,0.365397572476
MHL,10.0,0.570188505961
MHL,10.27,0.58162153248082
MHL,15.0,0.781911219291
MHL,inf,1.0
MKD,0.0,0.0
MKD,2.15,0.026633504383
MKD,3.2,0.059882343048
MKD,3.22,0.0600504514924
MKD,3.25,0.060302614159
MKD,3.65,0.074564929859
MKD,4.3,0.08929279998
MKD,5.45,0.134395380237
MKD,5.47,0.1347875468714
MKD,5.5,0.135375796823
MKD,6.85,0.189797319125
MKD,7.0,0.19638957312
MKD,7.3,0.210811165974
MKD,7.5,0.22042556121
MKD,10.0,0.334113722995
MKD,10.27,0.34686058881290793
MKD,15.0,0.570166793697
MKD,inf,1.0
MLI,0.0,0.0
MLI,2.15,0.152188068547
MLI,3.2,0.394903828817
MLI,3.22,0.398550473197
MLI,3.25,0.404020439767
MLI,3.65,0.481579775018
MLI,4.3,0.579585016946
MLI,5.45,0.703911034358
MLI,5.47,0.7054288269736
MLI,5.5,0.707705515897
MLI,6.85,0.809580604049
MLI,7.0,0.818503245266
MLI,7.3,0.8329999820618
MLI,7.5,0.842664473259
MLI,10.0,0.920695201379
MLI,10.27,0.92363119750853
MLI,15.0,0.975065500074
MLI,inf,1.0
MLT,0.0,0.0
MLT,2.15,0.002556744991
MLT,3.2,0.004064703713
MLT,3.22,0.004113229885000001
MLT,3.25,0.004186019143
MLT,3.65,0.006846655775
MLT,4.3,0.006972924175
MLT,5.45,0.007544361354
MLT,5.47,0.007544361354
MLT,5.5,0.007544361354
MLT,6.85,0.008338294988
MLT,7.0,0.008338294988
MLT,7.3,0.008830559852
MLT,7.5,0.009158736428
MLT,10.0,0.011814977926
MLT,10.27,0.012592494350361999
MLT,15.0,0.026213430229
MLT,inf,1.0
MMR,0.0,0.0
MMR,2.15,0.019911567273
MMR,3.2,0.127575311334
MMR,3.22,0.13024402077720001
MMR,3.25,0.134247084942
MMR,3.65,0.196451505848
MMR,4.3,0.305219781147
MMR,5.45,0.497093525943
MMR,5.47,0.5002271846781999
MMR,5.5,0.504927672781
MMR,6.85,0.682046082293
MMR,7.0,0.69705613872
MMR,7.3,0.7234177734138
MMR,7.5,0.740992196543
MMR,10.0,0.871763652122
MMR,10.27,0.876502289473106
MMR,15.0,0.959516195661
MMR,inf,1.0
MNE,0.0,0.0
MNE,2.15,0.02839832998
MNE,3.2,0.052218107927
MNE,3.22,0.0529004641374
MNE,3.25,0.053923998453
MNE,3.65,0.063299568178
MNE,4.3,0.082016186115
MNE,5.45,0.126899843702
MNE,5.47,0.1278765652476
MNE,5.5,0.129341647566
MNE,6.85,0.184646094901
MNE,7.0,0.189310310484
MNE,7.3,0.19914494243699998
MNE,7.5,0.205701363739
MNE,10.0,0.305251067657
MNE,10.27,0.316721117635544
MNE,15.0,0.517659400593
MNE,inf,1.0
MNG,0.0,0.0
MNG,2.15,0.007115855819
MNG,3.2,0.041327428073
MNG,3.22,0.04252625579940001
MNG,3.25,0.044324497389
MNG,3.65,0.068761432285
MNG,4.3,0.120490704628
MNG,5.45,0.237471491545
MNG,5.47,0.23985486553899996
MNG,5.5,0.24342992653
MNG,6.85,0.383480886435
MNG,7.0,0.397945386952
MNG,7.3,0.4275402287146
MNG,7.5,0.447270123223
MNG,10.0,0.642113226381
MNG,10.27,0.6535334129992499
MNG,15.0,0.853598163756
MNG,inf,1.0
MOZ,0.0,0.0
MOZ,2.15,0.743807658951
MOZ,3.2,0.859615570866
MOZ,3.22,0.8611403325192
MOZ,3.25,0.863427474999
MOZ,3.65,0.88603569523
MOZ,4.3,0.913349871006
MOZ,5.45,0.941744330571
MOZ,5.47,0.9419990904302
MOZ,5.5,0.942381230219
MOZ,6.85,0.960835413081
MOZ,7.0,0.962620656125
MOZ,7.3,0.9655451945792001
MOZ,7.5,0.967494886882
MOZ,10.0,0.97996415159
MOZ,10.27,0.980530754105828
MOZ,15.0,0.990456790772
MOZ,inf,1.0
MRT,0.0,0.0
MRT,2.15,0.064908373034
MRT,3.2,0.196435064236
MRT,3.22,0.198970468098
MRT,3.25,0.202773573891
MRT,3.65,0.262180660492
MRT,4.3,0.361118581032
MRT,5.45,0.519189340002
MRT,5.47,0.5213074168067999
MRT,5.5,0.524484532014
MRT,6.85,0.667636026513
MRT,7.0,0.681180405027
MRT,7.3,0.7071244926089999
MRT,7.5,0.724420550997
MRT,10.0,0.868647844868
MRT,10.27,0.873781222345142
MRT,15.0,0.963710390741
MRT,inf,1.0
MUS,0.0,0.0
MUS,2.15,0.001253137091
MUS,3.2,0.010280135543
MUS,3.22,0.010808834409800003
MUS,3.25,0.01160188271
MUS,3.65,0.017868149142
MUS,4.3,0.028500125988
MUS,5.45,0.063109033576
MUS,5.47,0.06411326680799999
MUS,5.5,0.065619616656
MUS,6.85,0.135183044877
MUS,7.0,0.142983559879
MUS,7.3,0.1592818462456
MUS,7.5,0.17014737049
MUS,10.0,0.328347241022
MUS,10.27,0.343688438618984
MUS,15.0,0.612443492818
MUS,inf,1.0
MWI,0.0,0.0
MWI,2.15,0.700605987387
MWI,3.2,0.859044141184
MWI,3.22,0.8610568225232
MWI,3.25,0.864075844532
MWI,3.65,0.890599756742
MWI,4.3,0.925332947862
MWI,5.45,0.954908153053
MWI,5.47,0.9552733597798
MWI,5.5,0.95582116987
MWI,6.85,0.972951589011
MWI,7.0,0.974351220611
MWI,7.3,0.9775322569525999
MWI,7.5,0.979652947847
MWI,10.0,0.991138335549
MWI,10.27,0.991456850137632
MWI,15.0,0.997036753857
MWI,inf,1.0
MYS,0.0,0.0
MYS,2.15,0.000110286496
MYS,3.2,0.000656242919
MYS,3.22,0.0006812072758000001
MYS,3.25,0.000718653811
MYS,3.65,0.001877397792
MYS,4.3,0.004739662565
MYS,5.45,0.013158169674
MYS,5.47,0.013354389405599998
MYS,5.5,0.013648719003
MYS,6.85,0.033909592025
MYS,7.0,0.036621488059
MYS,7.3,0.042308966233
MYS,7.5,0.046100618349
MYS,10.0,0.108109068442
MYS,10.27,0.11615777514933998
MYS,15.0,0.257159192652
MYS,inf,1.0
NAM,0.0,0.0
NAM,2.15,0.156170136674
NAM,3.2,0.285049995613
NAM,3.22,0.28649811302100003
NAM,3.25,0.288670289133
NAM,3.65,0.33252498808
NAM,4.3,0.389993935556
NAM,5.45,0.484493461687
NAM,5.47,0.48651711918659996
NAM,5.5,0.489552605436
NAM,6.85,0.573192089381
NAM,7.0,0.580407794437
NAM,7.3,0.5950815817384
NAM,7.5,0.604864106606
NAM,10.0,0.69404002139
NAM,10.27,0.6999336990372079
NAM,15.0,0.803182200042
NAM,inf,1.0
NER,0.0,0.0
NER,2.15,0.50905936535
NER,3.2,0.753952412828
NER,3.22,0.7570594166112
NER,3.25,0.761719922286
NER,3.65,0.811618122632
NER,4.3,0.866869469714
NER,5.45,0.916983224633
NER,5.47,0.9179091177209999
NER,5.5,0.919297957353
NER,6.85,0.949693145261
NER,7.0,0.951837336849
NER,7.3,0.9556993884402
NER,7.5,0.958274089501
NER,10.0,0.97580068968
NER,10.27,0.9765769333490399
NER,15.0,0.99017557244
NER,inf,1.0
NGA,0.0,0.0
NGA,2.15,0.308632983511
NGA,3.2,0.55068589667
NGA,3.22,0.5546904797796001
NGA,3.25,0.560697354444
NGA,3.65,0.634728418765
NGA,4.3,0.724036337028
NGA,5.45,0.834740500375
NGA,5.47,0.8363711452158
NGA,5.5,0.838817112477
NGA,6.85,0.908479055346
NGA,7.0,0.913224932378
NGA,7.3,0.9232426688996
NGA,7.5,0.929921159914
NGA,10.0,0.969269330778
NGA,10.27,0.970523711482848
NGA,15.0,0.99249860309
NGA,inf,1.0
NIC,0.0,0.0
NIC,2.15,0.039410286567
NIC,3.2,0.100655856007
NIC,3.22,0.1018988908162
NIC,3.25,0.10376344303
NIC,3.65,0.144412792946
NIC,4.3,0.20333328221
NIC,5.45,0.308348865349
NIC,5.47,0.3097979640614
NIC,5.5,0.31197161213
NIC,6.85,0.420858400486
NIC,7.0,0.431806877246
NIC,7.3,0.4506338273174
NIC,7.5,0.463185127365
NIC,10.0,0.628263882555
NIC,10.27,0.6378636539538419
NIC,15.0,0.806037426978
NIC,inf,1.0
NLD,0.0,0.0
NLD,2.15,0.0002796322
NLD,3.2,0.000485573855
NLD,3.22,0.000485573855
NLD,3.25,0.000485573855
NLD,3.65,0.001091892887
NLD,4.3,0.001195013302
NLD,5.45,0.001690187265
NLD,5.47,0.001690187265
NLD,5.5,0.001690187265
NLD,6.85,0.00244565687
NLD,7.0,0.00244565687
NLD,7.3,0.0026482763984
NLD,7.5,0.002783356084
NLD,10.0,0.005192817398
NLD,10.27,0.005633714627377999
NLD,15.0,0.013357580905
NLD,inf,1.0
NOR,0.0,0.0
NOR,2.15,0.001565339637
NOR,3.2,0.002247992793
NOR,3.22,0.002247992793
NOR,3.25,0.002247992793
NOR,3.65,0.002521357667
NOR,4.3,0.003050374767
NOR,5.45,0.003193772154
NOR,5.47,0.003193772154
NOR,5.5,0.003193772154
NOR,6.85,0.005196603925
NOR,7.0,0.005334592505
NOR,7.3,0.0055133067692
NOR,7.5,0.005632449612
NOR,10.0,0.007360652113
NOR,10.27,0.0076941336094719995
NOR,15.0,0.013536235381
NOR,inf,1.0
NPL,0.0,0.0
NPL,2.15,0.082404990953
NPL,3.2,0.315196919883
NPL,3.22,0.31963327030300004
NPL,3.25,0.326287795933
NPL,3.65,0.400310288084
NPL,4.3,0.52044389864
NPL,5.45,0.681436580383
NPL,5.47,0.6839822373338
NPL,5.5,0.68780072276
NPL,6.85,0.803964177007
NPL,7.0,0.813010604078
NPL,7.3,0.8278293049088
NPL,7.5,0.837708438796
NPL,10.0,0.919015389809
NPL,10.27,0.922066158198896
NPL,15.0,0.975511100733
NPL,inf,1.0
NRU,0.0,0.0
NRU,2.15,0.016715107913
NRU,3.2,0.153091751541
NRU,3.22,0.156671553457
NRU,3.25,0.162041256331
NRU,3.65,0.208560474321
NRU,4.3,0.296816034143
NRU,5.45,0.479399908727
NRU,5.47,0.4803097169806
NRU,5.5,0.481674429361
NRU,6.85,0.616524825541
NRU,7.0,0.62454088501
NRU,7.3,0.6625442481658
NRU,7.5,0.687879823603
NRU,10.0,0.832270301251
NRU,10.27,0.83852686701916
NRU,15.0,0.948132630291
NRU,inf,1.0
PAK,0.0,0.0
PAK,2.15,0.049324480598
PAK,3.2,0.282124753915
PAK,3.22,0.28743442310500006
PAK,3.25,0.29539892689
PAK,3.65,0.398376976155
PAK,4.3,0.547713296942
PAK,5.45,0.728563228666
PAK,5.47,0.7306839219368
PAK,5.5,0.733864961843
PAK,6.85,0.845319232383
PAK,7.0,0.854977846651
PAK,7.3,0.8692028820898
PAK,7.5,0.878686239049
PAK,10.0,0.944622294045
PAK,10.27,0.94666029370017
PAK,15.0,0.9823630284
PAK,inf,1.0
PAN,0.0,0.0
PAN,2.15,0.011082572996
PAN,3.2,0.031017625789
PAN,3.22,0.031525041350600004
PAN,3.25,0.032286164693
PAN,3.65,0.043202275791
PAN,4.3,0.057733181427
PAN,5.45,0.09084782112
PAN,5.47,0.09152061589999999
PAN,5.5,0.09252980807
PAN,6.85,0.128519411645
PAN,7.0,0.132515173859
PAN,7.3,0.14103612832159998
PAN,7.5,0.14671676463
PAN,10.0,0.229901699513
PAN,10.27,0.23855420218192397
PAN,15.0,0.390133230419
PAN,inf,1.0
PER,0.0,0.0
PER,2.15,0.02871748751
PER,3.2,0.075383262488
PER,3.22,0.07648590314880001
PER,3.25,0.07813986414
PER,3.65,0.102449657504
PER,4.3,0.141608593825
PER,5.45,0.229054185579
PER,5.47,0.23062669682619996
PER,5.5,0.232985463697
PER,6.85,0.337368841493
PER,7.0,0.348378150904
PER,7.3,0.37334179989099997
PER,7.5,0.389984232549
PER,10.0,0.552413772846
PER,10.27,0.5636276289081
PER,15.0,0.760077773996
PER,inf,1.0
PHL,0.0,0.0
PHL,2.15,0.067541309528
PHL,3.2,0.223280893724
PHL,3.22,0.22660840503680002
PHL,3.25,0.231599672006
PHL,3.65,0.299140031819
PHL,4.3,0.403252787648
PHL,5.45,0.558498613765
PHL,5.47,0.5609141952905999
PHL,5.5,0.564537567579
PHL,6.85,0.690688222411
PHL,7.0,0.701491565635
PHL,7.3,0.7213562995486
PHL,7.5,0.734599455491
PHL,10.0,0.849210248079
PHL,10.27,0.8542076183982
PHL,15.0,0.941754142879
PHL,inf,1.0
PNG,0.0,0.0
PNG,2.15,0.39683311918
PNG,3.2,0.606822216228
PNG,3.22,0.6109239317128
PNG,3.25,0.61707650494
PNG,3.65,0.67746760505
PNG,4.3,0.750522505401
PNG,5.45,0.840849409178
PNG,5.47,0.841734372724
PNG,5.5,0.843061818043
PNG,6.85,0.902028205983
PNG,7.0,0.907273392667
PNG,7.3,0.9153351280006
PNG,7.5,0.920709618223
PNG,10.0,0.95929276907
PNG,10.27,0.960843461914316
PNG,15.0,0.988009303224
PNG,inf,1.0
POL,0.0,0.0
POL,2.15,0.0
POL,3.2,0.000347096759
POL,3.22,0.000347096759
POL,3.25,0.000347096759
POL,3.65,0.000685932918
POL,4.3,0.001777744087
POL,5.45,0.007634303066
POL,5.47,0.007764233052799998
POL,5.5,0.007959128033
POL,6.85,0.026306651359
POL,7.0,0.029210610144
POL,7.3,0.036807276763199996
POL,7.5,0.041871721176
POL,10.0,0.131708150876
POL,10.27,0.14574766334617997
POL,15.0,0.391699122546
POL,inf,1.0
PRT,0.0,0.0
PRT,2.15,0.004722897288
PRT,3.2,0.008188937361
PRT,3.22,0.008188937361
PRT,3.25,0.008188937361
PRT,3.65,0.009679607928
PRT,4.3,0.012728987048
PRT,5.45,0.01505931147
PRT,5.47,0.01505931147
PRT,5.5,0.01505931147
PRT,6.85,0.026080828492
PRT,7.0,0.026962562703
PRT,7.3,0.0283839499062
PRT,7.5,0.029331541375
PRT,10.0,0.053302743982
PRT,10.27,0.057150260566156
PRT,15.0,0.124553051096
PRT,inf,1.0
PRY,0.0,0.0
PRY,2.15,0.013295584114
PRY,3.2,0.039514374429
PRY,3.22,0.0399768437722
PRY,3.25,0.040670547787
PRY,3.65,0.056085601055
PRY,4.3,0.076434388663
PRY,5.45,0.127952081187
PRY,5.47,0.12900391228859998
PRY,5.5,0.130581658941
PRY,6.85,0.199048279588
PRY,7.0,0.208456554977
PRY,7.3,0.2225749468562
PRY,7.5,0.231987208109
PRY,10.0,0.371170414629
PRY,10.27,0.382379178450384
PRY,15.0,0.578740115025
PRY,inf,1.0
PSE,0.0,0.0
PSE,2.15,0.00502717341
PSE,3.2,0.018818127398
PSE,3.22,0.019827564065600007
PSE,3.25,0.021341719067
PSE,3.65,0.030861824806
PSE,4.3,0.053597470554
PSE,5.45,0.109801604476
PSE,5.47,0.11196936697799996
PSE,5.5,0.115221010731
PSE,6.85,0.205315591036
PSE,7.0,0.218780956931
PSE,7.3,0.2362757212928
PSE,7.5,0.247938897534
PSE,10.0,0.415297704199
PSE,10.27,0.42881660208198397
PSE,15.0,0.665647664995
PSE,inf,1.0
ROU,0.0,0.0
ROU,2.15,0.014093622224
ROU,3.2,0.031903964056
ROU,3.22,0.032646883725200006
ROU,3.25,0.033761263229
ROU,3.65,0.038979117847
ROU,4.3,0.051204181375
ROU,5.45,0.073970111618
ROU,5.47,0.07466388699479999
ROU,5.5,0.07570455006
ROU,6.85,0.099825053626
ROU,7.0,0.102948352633
ROU,7.3,0.1094836278292
ROU,7.5,0.11384047796
ROU,10.0,0.161123364302
ROU,10.27,0.169142084790548
ROU,15.0,0.309618188164
ROU,inf,1.0
RUS,0.0,0.0
RUS,2.15,0.000101642723
RUS,3.2,0.00139979532
RUS,3.22,0.0014896828380000003
RUS,3.25,0.001624514115
RUS,3.65,0.002869680111
RUS,4.3,0.005817266053
RUS,5.45,0.015611584036
RUS,5.47,0.015870903126799996
RUS,5.5,0.016259881763
RUS,6.85,0.040793879929
RUS,7.0,0.044518205338
RUS,7.3,0.052442371801599996
RUS,7.5,0.057725149444
RUS,10.0,0.151962575467
RUS,10.27,0.16508759132579798
RUS,15.0,0.395018424704
RUS,inf,1.0
RWA,0.0,0.0
RWA,2.15,0.520053934004
RWA,3.2,0.72838937643
RWA,3.22,0.7306558964452
RWA,3.25,0.734055676468
RWA,3.65,0.780406431615
RWA,4.3,0.83171899528
RWA,5.45,0.885712780948
RWA,5.47,0.8862687184576
RWA,5.5,0.887102624722
RWA,6.85,0.921876197946
RWA,7.0,0.924873990319
RWA,7.3,0.931244743033
RWA,7.5,0.935491911509
RWA,10.0,0.968330529709
RWA,10.27,0.9693302111027621
RWA,15.0,0.986843148112
RWA,inf,1.0
SDN,0.0,0.0
SDN,2.15,0.152630599415
SDN,3.2,0.408046346235
SDN,3.22,0.41191539268940003
SDN,3.25,0.417718962371
SDN,3.65,0.497229745982
SDN,4.3,0.6111767555
SDN,5.45,0.764599530168
SDN,5.47,0.7663302682484
SDN,5.5,0.768926375369
SDN,6.85,0.862109464849
SDN,7.0,0.870010402762
SDN,7.3,0.8818451613082
SDN,7.5,0.889735000339
SDN,10.0,0.947760412394
SDN,10.27,0.949685844631592
SDN,15.0,0.983416564942
SDN,inf,1.0
SEN,0.0,0.0
SEN,2.15,0.092225657019
SEN,3.2,0.294080107175
SEN,3.22,0.2972083752806
SEN,3.25,0.301900777439
SEN,3.65,0.375541333266
SEN,4.3,0.476857209569
SEN,5.45,0.617456649471
SEN,5.47,0.6199009173894
SEN,5.5,0.623567319267
SEN,6.85,0.744352108411
SEN,7.0,0.755888933326
SEN,7.3,0.776383310533
SEN,7.5,0.790046228671
SEN,10.0,0.88073353815
SEN,10.27,0.884453455684284
SEN,15.0,0.949620899896
SEN,inf,1.0
SLB,0.0,0.0
SLB,2.15,0.265648855951
SLB,3.2,0.525807887937
SLB,3.22,0.5291685200946
SLB,3.25,0.534209468331
SLB,3.65,0.610224073068
SLB,4.3,0.701078559538
SLB,5.45,0.810249508033
SLB,5.47,0.8117031358002
SLB,5.5,0.813883577451
SLB,6.85,0.884857983891
SLB,7.0,0.889907680742
SLB,7.3,0.9002015953136
SLB,7.5,0.907064205028
SLB,10.0,0.955882351646
SLB,10.27,0.957334738710824
SLB,15.0,0.982778408402
SLB,inf,1.0
SLE,0.0,0.0
SLE,2.15,0.260620341212
SLE,3.2,0.557542171368
SLE,3.22,0.56216318381
SLE,3.25,0.569094702473
SLE,3.65,0.64280605271
SLE,4.3,0.735528041405
SLE,5.45,0.836392087227
SLE,5.47,0.8377055374142
SLE,5.5,0.839675712695
SLE,6.85,0.89943931054
SLE,7.0,0.905008619355
SLE,7.3,0.9143421468276
SLE,7.5,0.920564498476
SLE,10.0,0.960408845596
SLE,10.27,0.961652641296988
SLE,15.0,0.983442099318
SLE,inf,1.0
SLV,0.0,0.0
SLV,2.15,0.033633981754
SLV,3.2,0.066650407141
SLV,3.22,0.067523806031
SLV,3.25,0.068833904366
SLV,3.65,0.086418217328
SLV,4.3,0.117664325
SLV,5.45,0.184085223095
SLV,5.47,0.18520419034219998
SLV,5.5,0.186882641213
SLV,6.85,0.274883079999
SLV,7.0,0.283011841529
SLV,7.3,0.3041651782298
SLV,7.5,0.318267402697
SLV,10.0,0.477555848782
SLV,10.27,0.490191752911696
SLV,15.0,0.711554073406
SLV,inf,1.0
SRB,0.0,0.0
SRB,2.15,0.015570310022
SRB,3.2,0.023750497645
SRB,3.22,0.023774881935399998
SRB,3.25,0.023811458371
SRB,3.65,0.028151916091
SRB,4.3,0.03883970613
SRB,5.45,0.063431541821
SRB,5.47,0.0634859788382
SRB,5.5,0.063567634364
SRB,6.85,0.10116098595
SRB,7.0,0.104725850286
SRB,7.3,0.11542595154539999
SRB,7.5,0.122559352385
SRB,10.0,0.214628108747
SRB,10.27,0.22683920914225397
SRB,15.0,0.440759597548
SRB,inf,1.0
SSD,0.0,0.0
SSD,2.15,0.673272654104
SSD,3.2,0.818132281869
SSD,3.22,0.8203961420902
SSD,3.25,0.823791932422
SSD,3.65,0.864544225598
SSD,4.3,0.902613111365
SSD,5.45,0.938152077423
SSD,5.47,0.9385440606574
SSD,5.5,0.939132035509
SSD,6.85,0.966494902334
SSD,7.0,0.968724254898
SSD,7.3,0.9723265723728
SSD,7.5,0.974728117356
SSD,10.0,0.988033570464
SSD,10.27,0.98846828779098
SSD,15.0,0.996083891334
SSD,inf,1.0
STP,0.0,0.0
STP,2.15,0.155518994776
STP,3.2,0.369163643296
STP,3.22,0.372468575692
STP,3.25,0.377425974286
STP,3.65,0.448431554896
STP,4.3,0.552830081903
STP,5.45,0.691102561963
STP,5.47,0.6922552311778
STP,5.5,0.693984235
STP,6.85,0.797261860061
STP,7.0,0.805139405629
STP,7.3,0.8171989630018
STP,7.5,0.825238667917
STP,10.0,0.900200447036
STP,10.27,0.903159581237648
STP,15.0,0.954999228548
STP,inf,1.0
SUR,0.0,0.0
SUR,2.15,0.184179456907
SUR,3.2,0.244391971665
SUR,3.22,0.244391971665
SUR,3.25,0.244391971665
SUR,3.65,0.280401416765
SUR,4.3,0.32054309327
SUR,5.45,0.383116883117
SUR,5.47,0.383116883117
SUR,5.5,0.383116883117
SUR,6.85,0.444510035419
SUR,7.0,0.451593860685
SUR,7.3,0.4622195985834
SUR,7.5,0.469303423849
SUR,10.0,0.61334120425
SUR,10.27,0.620481700117786
SUR,15.0,0.745572609209
SUR,inf,1.0
SVK,0.0,0.0
SVK,2.15,0.001181162619
SVK,3.2,0.003992066517
SVK,3.22,0.003992066517
SVK,3.25,0.003992066517
SVK,3.65,0.005207377677
SVK,4.3,0.008422516748
SVK,5.45,0.012303551055
SVK,5.47,0.012303551055
SVK,5.5,0.012303551055
SVK,6.85,0.019777718737
SVK,7.0,0.023675817644
SVK,7.3,0.0255307848302
SVK,7.5,0.026767429621
SVK,10.0,0.050153263559
SVK,10.27,0.054687029349337994
SVK,15.0,0.134111889306
SVK,inf,1.0
SVN,0.0,0.0
SVN,2.15,0.0
SVN,3.2,0.0
SVN,3.22,0.0
SVN,3.25,0.0
SVN,3.65,0.0
SVN,4.3,0.0
SVN,5.45,0.0
SVN,5.47,0.0
SVN,5.5,0.0
SVN,6.85,0.000298948843
SVN,7.0,0.000298948843
SVN,7.3,0.0007567980561999998
SVN,7.5,0.001062030865
SVN,10.0,0.003316990774
SVN,10.27,0.003914872644621999
SVN,15.0,0.014388877267
SVN,inf,1.0
SWE,0.0,0.0
SWE,2.15,0.003890895303
SWE,3.2,0.004606360002
SWE,3.22,0.004606360002
SWE,3.25,0.004606360002
SWE,3.65,0.005130697594
SWE,4.3,0.005365101718
SWE,5.45,0.006870949873
SWE,5.47,0.006870949873
SWE,5.5,0.006870949873
SWE,6.85,0.008759729604
SWE,7.0,0.008759729604
SWE,7.3,0.0093160478772
SWE,7.5,0.009686926726
SWE,10.0,0.012485429642
SWE,10.27,0.013070324215135999
SWE,15.0,0.023316810626
SWE,inf,1.0
SWZ,0.0,0.0
SWZ,2.15,0.360798469645
SWZ,3.2,0.527199587689
SWZ,3.22,0.5301613415562
SWZ,3.25,0.534603972357
SWZ,3.65,0.580488887071
SWZ,4.3,0.646800481144
SWZ,5.45,0.723365342102
SWZ,5.47,0.7251551241312
SWZ,5.5,0.727839797175
SWZ,6.85,0.781359461834
SWZ,7.0,0.786685750506
SWZ,7.3,0.7945512970866
SWZ,7.5,0.799794994807
SWZ,10.0,0.856387089589
SWZ,10.27,0.860005345719478
SWZ,15.0,0.923391832746
SWZ,inf,1.0
SYC,0.0,0.0
SYC,2.15,0.005110040076
SYC,3.2,0.008936068791
SYC,3.22,0.009024067225400001
SYC,3.25,0.009156064877
SYC,3.65,0.011610659113
SYC,4.3,0.022432630154
SYC,5.45,0.040143533134
SYC,5.47,0.040143533134
SYC,5.5,0.040143533134
SYC,6.85,0.067085529806
SYC,7.0,0.069713420679
SYC,7.3,0.07452356668379999
SYC,7.5,0.077730330687
SYC,10.0,0.151642822194
SYC,10.27,0.16158036146011198
SYC,15.0,0.335671327122
SYC,inf,1.0
SYR,0.0,0.0
SYR,2.15,0.010981211338
SYR,3.2,0.075385467639
SYR,3.22,0.07710737697340002
SYR,3.25,0.079690240975
SYR,3.65,0.119160280676
SYR,4.3,0.195988366725
SYR,5.45,0.334514356938
SYR,5.47,0.3370672144768
SYR,5.5,0.340896500785
SYR,6.85,0.489659311236
SYR,7.0,0.503745037393
SYR,7.3,0.5308581848398
SYR,7.5,0.548933616471
SYR,10.0,0.711614809344
SYR,10.27,0.720131612963214
SYR,15.0,0.869333394885
SYR,inf,1.0
TCD,0.0,0.0
TCD,2.15,0.308829425857
TCD,3.2,0.566507585576
TCD,3.22,0.5706704500576
TCD,3.25,0.57691474678
TCD,3.65,0.646448948227
TCD,4.3,0.73170384803
TCD,5.45,0.829245360654
TCD,5.47,0.8300349767767999
TCD,5.5,0.831219400961
TCD,6.85,0.894154571882
TCD,7.0,0.900211375212
TCD,7.3,0.9078752857968
TCD,7.5,0.91298455952
TCD,10.0,0.955260229452
TCD,10.27,0.9568304350286999
TCD,15.0,0.984338110502
TCD,inf,1.0
TGO,0.0,0.0
TGO,2.15,0.284347965949
TGO,3.2,0.49922255933
TGO,3.22,0.5026262528492
TGO,3.25,0.507731793128
TGO,3.65,0.569054324731
TGO,4.3,0.655283891171
TGO,5.45,0.75810950874
TGO,5.47,0.7599560387556
TGO,5.5,0.762725833779
TGO,6.85,0.840037076234
TGO,7.0,0.844724743657
TGO,7.3,0.8541028356922
TGO,7.5,0.860354897049
TGO,10.0,0.919249329923
TGO,10.27,0.921944269392542
TGO,15.0,0.969155616396
TGO,inf,1.0
THA,0.0,0.0
THA,2.15,0.000139610218
THA,3.2,0.002258218698
THA,3.22,0.0023568551808000006
THA,3.25,0.002504809905
THA,3.65,0.005598229806
THA,4.3,0.015083080488
THA,5.45,0.049789847095
THA,5.47,0.050756947200199985
THA,5.5,0.052207597358
THA,6.85,0.121647542058
THA,7.0,0.130397378583
THA,7.3,0.14995241055419997
THA,7.5,0.162989098535
THA,10.0,0.331276480478
THA,10.27,0.34510003932527
THA,15.0,0.587268310983
THA,inf,1.0
TJK,0.0,0.0
TJK,2.15,0.06114529141
TJK,3.2,0.190253287105
TJK,3.22,0.1927161287786
TJK,3.25,0.196410391289
TJK,3.65,0.25712526414
TJK,4.3,0.356771523641
TJK,5.45,0.514966135617
TJK,5.47,0.5186679007641999
TJK,5.5,0.524220548485
TJK,6.85,0.663741842001
TJK,7.0,0.680959318231
TJK,7.3,0.7043570152498
TJK,7.5,0.719955479929
TJK,10.0,0.852891661993
TJK,10.27,0.857970268355272
TJK,15.0,0.946939927961
TJK,inf,1.0
TKM,0.0,0.0
TKM,2.15,0.431151055409
TKM,3.2,0.652292216359
TKM,3.22,0.6548977572562
TKM,3.25,0.658806068602
TKM,3.65,0.711329155673
TKM,4.3,0.783723614776
TKM,5.45,0.858344327177
TKM,5.47,0.859498680739
TKM,5.5,0.861230211082
TKM,6.85,0.912516490765
TKM,7.0,0.917958443272
TKM,7.3,0.9234993403696
TKM,7.5,0.927193271768
TKM,10.0,0.969574538259
TKM,10.27,0.970741094987196
TKM,15.0,0.991177440633
TKM,inf,1.0
TLS,0.0,0.0
TLS,2.15,0.244430771691
TLS,3.2,0.595422795291
TLS,3.22,0.5995006701694
TLS,3.25,0.605617482487
TLS,3.65,0.692255703674
TLS,4.3,0.787639488895
TLS,5.45,0.891552578007
TLS,5.47,0.8924082205038
TLS,5.5,0.893691684249
TLS,6.85,0.9460995123
TLS,7.0,0.949408711292
TLS,7.3,0.9556501402058
TLS,7.5,0.959811092815
TLS,10.0,0.984090834313
TLS,10.27,0.984710117315662
TLS,15.0,0.995559038066
TLS,inf,1.0
TON,0.0,0.0
TON,2.15,0.017910178443
TON,3.2,0.084233353508
TON,3.22,0.08916920686400003
TON,3.25,0.096572986898
TON,3.65,0.138863601664
TON,4.3,0.205556838737
TON,5.45,0.333708387363
TON,5.47,0.3346941290606
TON,5.5,0.336172741607
TON,6.85,0.478615815495
TON,7.0,0.497041563248
TON,7.3,0.5301542792528
TON,7.5,0.552229423256
TON,10.0,0.75621415662
TON,10.27,0.764592513061518
TON,15.0,0.911368905537
TON,inf,1.0
TTO,0.0,0.0
TTO,2.15,0.020847802734
TTO,3.2,0.067957519531
TTO,3.22,0.0690315234374
TTO,3.25,0.070642529297
TTO,3.65,0.094319433594
TTO,4.3,0.135326855469
TTO,5.45,0.211727587891
TTO,5.47,0.21309450195339996
TTO,5.5,0.215144873047
TTO,6.85,0.301767586888
TTO,7.0,0.311398822698
TTO,7.3,0.3305369616372
TTO,7.5,0.34329572093
TTO,10.0,0.493123022364
TTO,10.27,0.504963935044554
TTO,15.0,0.712399183115
TTO,inf,1.0
TUN,0.0,0.0
TUN,2.15,0.001400615474
TUN,3.2,0.013529534361
TUN,3.22,0.0137915337118
TUN,3.25,0.014184532738
TUN,3.65,0.022110028179
TUN,4.3,0.041973130454
TUN,5.45,0.093265526521
TUN,5.47,0.09414136150739998
TUN,5.5,0.095455113987
TUN,6.85,0.179462661187
TUN,7.0,0.190349504976
TUN,7.3,0.2117283655866
TUN,7.5,0.225980939327
TUN,10.0,0.413872258375
TUN,10.27,0.428688929280052
TUN,15.0,0.688255052913
TUN,inf,1.0
TUR,0.0,0.0
TUR,2.15,0.003606097893
TUR,3.2,0.013671037748
TUR,3.22,0.0138138309732
TUR,3.25,0.014028020811
TUR,3.65,0.022122786245
TUR,4.3,0.037711983624
TUR,5.45,0.072846638801
TUR,5.47,0.07357717555659998
TUR,5.5,0.07467298069
TUR,6.85,0.12611529006
TUR,7.0,0.131683746217
TUR,7.3,0.143436487816
TUR,7.5,0.151271648882
TUR,10.0,0.250355220878
TUR,10.27,0.261690253630544
TUR,15.0,0.460263234814
TUR,inf,1.0
TUV,0.0,0.0
TUV,2.15,0.036253518625
TUV,3.2,0.138940913728
TUV,3.22,0.1411433799912
TUV,3.25,0.144447079386
TUV,3.65,0.195557066413
TUV,4.3,0.270315720954
TUV,5.45,0.412286066548
TUV,5.47,0.4169624274735999
TUV,5.5,0.423976968862
TUV,6.85,0.56600141571
TUV,7.0,0.578391001787
TUV,7.3,0.5949378808808
TUV,7.5,0.60596913361
TUV,10.0,0.763692916371
TUV,10.27,0.770477692742952
TUV,15.0,0.889336923259
TUV,inf,1.0
TWN,0.0,0.0
TWN,2.15,0.0
TWN,3.2,0.0
TWN,3.22,0.0
TWN,3.25,0.0
TWN,3.65,0.002476780914
TWN,4.3,0.002476780914
TWN,5.45,0.002476780914
TWN,5.47,0.002476780914
TWN,5.5,0.002476780914
TWN,6.85,0.002476780914
TWN,7.0,0.002476780914
TWN,7.3,0.002476780914
TWN,7.5,0.002476780914
TWN,10.0,0.007459850435
TWN,10.27,0.008946517315261998
TWN,15.0,0.034990718588
TWN,inf,1.0
TZA,0.0,0.0
TZA,2.15,0.449493228434
TZA,3.2,0.683327839159
TZA,3.22,0.6867962265558
TZA,3.25,0.691998807651
TZA,3.65,0.743379736373
TZA,4.3,0.809321982951
TZA,5.45,0.879521023564
TZA,5.47,0.8807002513544
TZA,5.5,0.88246909304
TZA,6.85,0.922667120014
TZA,7.0,0.926238955605
TZA,7.3,0.9316322257392
TZA,7.5,0.935227739162
TZA,10.0,0.965663293304
TZA,10.27,0.96674682985445
TZA,15.0,0.985728784979
TZA,inf,1.0
UGA,0.0,0.0
UGA,2.15,0.422077286299
UGA,3.2,0.652268255234
UGA,3.22,0.6563881695008
UGA,3.25,0.662568040901
UGA,3.65,0.719259405513
UGA,4.3,0.788350769114
UGA,5.45,0.86139256288
UGA,5.47,0.8624906073799999
UGA,5.5,0.86413767413
UGA,6.85,0.910646220199
UGA,7.0,0.915088411755
UGA,7.3,0.9209946284484
UGA,7.5,0.924932106244
UGA,10.0,0.963825801135
UGA,10.27,0.964967297342262
UGA,15.0,0.984964619788
UGA,inf,1.0
UKR,0.0,0.0
UKR,2.15,0.000288256089
UKR,3.2,0.000840351092
UKR,3.22,0.000840351092
UKR,3.25,0.000840351092
UKR,3.65,0.001834810581
UKR,4.3,0.007157914782
UKR,5.45,0.025305746391
UKR,5.47,0.02589755466099999
UKR,5.5,0.026785267066
UKR,6.85,0.070624209461
UKR,7.0,0.075980136748
UKR,7.3,0.09276405433239998
UKR,7.5,0.103953332722
UKR,10.0,0.272338732767
UKR,10.27,0.29343675971782196
UKR,15.0,0.66304293556
UKR,inf,1.0
URY,0.0,0.0
URY,2.15,0.001121549992
URY,3.2,0.003312990361
URY,3.22,0.003312990361
URY,3.25,0.003312990361
URY,3.65,0.007656067789
URY,4.3,0.012639950271
URY,5.45,0.034492249505
URY,5.47,0.035471241544199984
URY,5.5,0.036939729603
URY,6.85,0.067380510324
URY,7.0,0.071492672098
URY,7.3,0.07904547711639999
URY,7.5,0.084080680462
URY,10.0,0.170302270849
URY,10.27,0.17964930912994598
URY,15.0,0.343395572348
URY,inf,1.0
USA,0.0,0.0
USA,2.15,0.002487189622
USA,3.2,0.004962898746
USA,3.22,0.004962898746
USA,3.25,0.004962898746
USA,3.65,0.004962898746
USA,4.3,0.007471124696
USA,5.45,0.007471124696
USA,5.47,0.007471124696
USA,5.5,0.007471124696
USA,6.85,0.009996396639
USA,7.0,0.009996396639
USA,7.3,0.009996396639
USA,7.5,0.009996396639
USA,10.0,0.014993659944
USA,10.27,0.015533493511841998
USA,15.0,0.024990577867
USA,inf,1.0
UZB,0.0,0.0
UZB,2.15,0.815035268847
UZB,3.2,0.923363569802
UZB,3.22,0.9243899639395999
UZB,3.25,0.925929555146
UZB,3.65,0.945850176502
UZB,4.3,0.963999527357
UZB,5.45,0.980240541345
UZB,5.47,0.9804790401982001
UZB,5.5,0.980836788478
UZB,6.85,0.990630323824
UZB,7.0,0.991272611414
UZB,7.3,0.9923519837276
UZB,7.5,0.99307156527
UZB,10.0,0.997841035931
UZB,10.27,0.9979074792740661
UZB,15.0,0.99907146821
UZB,inf,1.0
VEN,0.0,0.0
VEN,2.15,0.071300366243
VEN,3.2,0.124117464345
VEN,3.22,0.12525837116740002
VEN,3.25,0.126969731401
VEN,3.65,0.154817297195
VEN,4.3,0.203767731764
VEN,5.45,0.288178681017
VEN,5.47,0.28917948641019997
VEN,5.5,0.2906806945
VEN,6.85,0.38818127384
VEN,7.0,0.399385545453
VEN,7.3,0.41955163255019995
VEN,7.5,0.432995690615
VEN,10.0,0.581585358745
VEN,10.27,0.5915987972534079
VEN,15.0,0.767019405197
VEN,inf,1.0
VNM,0.0,0.0
VNM,2.15,0.00654621488
VNM,3.2,0.027294095019
VNM,3.22,0.0277016652546
VNM,3.25,0.028313020608
VNM,3.65,0.037825722896
VNM,4.3,0.060881346022
VNM,5.45,0.116030407064
VNM,5.47,0.11655754647199999
VNM,5.5,0.117348255584
VNM,6.85,0.187286510138
VNM,7.0,0.19713315768
VNM,7.3,0.21319561612979998
VNM,7.5,0.223903921763
VNM,10.0,0.387027474427
VNM,10.27,0.401296059804538
VNM,15.0,0.651260536974
VNM,inf,1.0
VUT,0.0,0.0
VUT,2.15,0.099633329417
VUT,3.2,0.27350109575
VUT,3.22,0.2771928874688
VUT,3.25,0.282730575047
VUT,3.65,0.349283701991
VUT,4.3,0.445630149088
VUT,5.45,0.608378762733
VUT,5.47,0.6116630535473999
VUT,5.5,0.616589489769
VUT,6.85,0.761334897732
VUT,7.0,0.774241362933
VUT,7.3,0.7973878309926
VUT,7.5,0.812818809699
VUT,10.0,0.91406590098
VUT,10.27,0.917638955591136
VUT,15.0,0.980233578964
VUT,inf,1.0
WSM,0.0,0.0
WSM,2.15,0.011504770214
WSM,3.2,0.075767210153
WSM,3.22,0.07673781677060001
WSM,3.25,0.078193726697
WSM,3.65,0.105075315777
WSM,4.3,0.15597978003
WSM,5.45,0.278140325054
WSM,5.47,0.28167719703479993
WSM,5.5,0.286982505006
WSM,6.85,0.432652401303
WSM,7.0,0.44374759461
WSM,7.3,0.4735708952028
WSM,7.5,0.493453095598
WSM,10.0,0.674437015487
WSM,10.27,0.683858111038976
WSM,15.0,0.848901747931
WSM,inf,1.0
XKX,0.0,0.0
XKX,2.15,0.004402413114
XKX,3.2,0.023705608968
XKX,3.22,0.024202049739200003
XKX,3.25,0.024946710896
XKX,3.65,0.041583419662
XKX,4.3,0.082694431768
XKX,5.45,0.185633294384
XKX,5.47,0.18815522781359995
XKX,5.5,0.191938127958
XKX,6.85,0.341622689505
XKX,7.0,0.359487441493
XKX,7.3,0.4001805388198
XKX,7.5,0.427309270371
XKX,10.0,0.684696004716
XKX,10.27,0.695916819636222
XKX,15.0,0.892488873609
XKX,inf,1.0
YEM,0.0,0.0
YEM,2.15,0.198027566863
YEM,3.2,0.451597977325
YEM,3.22,0.455467555467
YEM,3.25,0.46127192268
YEM,3.65,0.543524034252
YEM,4.3,0.648043196072
YEM,5.45,0.769140703441
YEM,5.47,0.7709498589746
YEM,5.5,0.773663592275
YEM,6.85,0.853791344205
YEM,7.0,0.860257394003
YEM,7.3,0.8716362246386
YEM,7.5,0.879222111729
YEM,10.0,0.936049486515
YEM,10.27,0.938397168106782
YEM,15.0,0.979525071548
YEM,inf,1.0
ZAF,0.0,0.0
ZAF,2.15,0.204925572138
ZAF,3.2,0.344467158634
ZAF,3.22,0.3472644481628
ZAF,3.25,0.351460382456
ZAF,3.65,0.399661930293
ZAF,4.3,0.462618300866
ZAF,5.45,0.54551808589
ZAF,5.47,0.546761472614
ZAF,5.5,0.5486265527
ZAF,6.85,0.61630123627
ZAF,7.0,0.623401458469
ZAF,7.3,0.6341702274759999
ZAF,7.5,0.641349406814
ZAF,10.0,0.715116835133
ZAF,10.27,0.719653111758098
ZAF,15.0,0.79912195782
ZAF,inf,1.0
ZMB,0.0,0.0
ZMB,2.15,0.607930948164
ZMB,3.2,0.742598800377
ZMB,3.22,0.7446118647214
ZMB,3.25,0.747631461238
ZMB,3.65,0.780009632883
ZMB,4.3,0.815709971742
ZMB,5.45,0.873208897302
ZMB,5.47,0.8736957599644
ZMB,5.5,0.874426053958
ZMB,6.85,0.91015351892
ZMB,7.0,0.913120155034
ZMB,7.3,0.9188310195562001
ZMB,7.5,0.922638262571
ZMB,10.0,0.953315182005
ZMB,10.27,0.954707181245826
ZMB,15.0,0.979092945724
ZMB,inf,1.0
ZWE,0.0,0.0
ZWE,2.15,0.397545332282
ZWE,3.2,0.586361345543
ZWE,3.22,0.5888795133586
ZWE,3.25,0.592656765082
ZWE,3.65,0.645098567519
ZWE,4.3,0.70845913303
ZWE,5.45,0.786922477435
ZWE,5.47,0.7879716245218
ZWE,5.5,0.789545345152
ZWE,6.85,0.850163153285
ZWE,7.0,0.854070697266
ZWE,7.3,0.863478671646
ZWE,7.5,0.869750654566
ZWE,10.0,0.914237783292
ZWE,10.27,0.916619461469598
ZWE,15.0,0.958342934729
ZWE,inf,1.0
